Name,Email,Username
Tommy Todd,tpearson@example.com,ystanley
Sandra Wright,rachelholmes@example.org,lgomez
Chad James,johncox@example.org,taylorsmith
Kevin Sutton,leslie83@example.net,aaronjohnston
Tyler Rosales,susanmartinez@example.com,lindafranco
Kyle Sosa,leejason@example.com,hartkevin
Wayne Barton,lawrencehays@example.com,julie52
Brian James,tuckermichael@example.com,madison58
Gregory Wilkins,icardenas@example.org,mmartin
Bethany Khan,robert54@example.org,adamsemily
Daniel Hall,ahernandez@example.net,josephbooth
Thomas Warren,kdelacruz@example.org,jennifer66
Ryan Stephens,nathanmullins@example.com,lambandrea
James Ellis,jennifercampos@example.net,christine33
Craig Santiago,paulburns@example.net,jeffrey92
Matthew Allen,amandavalentine@example.org,wilsontyler
Joshua Page,stephaniewoods@example.net,xarnold
Cassidy Thompson,kristinthompson@example.com,ubest
Richard Smith,wendy37@example.net,jessica89
Holly Moran,rmurphy@example.org,rjohnson
Paige Wade,qorozco@example.com,stephenaustin
Richard Foster,uvasquez@example.net,bwashington
Elizabeth Peters,lauren41@example.net,qthompson
Joseph Sutton,richard82@example.org,robert02
Joyce Hutchinson,turnersarah@example.com,wpatterson
Louis Frank,ashley66@example.net,pflores
Brittany Williams,chelseawatson@example.net,huertaandrew
Deanna Williams MD,carolineespinoza@example.com,mikayla57
Matthew Wood,twyatt@example.com,stephaniehall
Rachel Jones,jacksonbrooke@example.org,dorismyers
Ashley Adams,allencarl@example.com,gmorrison
Patricia Moreno,michele06@example.com,dawsoncynthia
Samuel Stark,fwall@example.net,lisasmith
Lynn Miller,kmoore@example.org,jesus03
Scott Griffith,jefferyhoffman@example.net,sarah23
Molly Keith,kmejia@example.com,richard88
Shawn Coleman,colemanandrew@example.net,kristinramirez
Jessica Kane,ehenry@example.org,nbishop
Dawn Brown,nicolehernandez@example.net,ewhite
Terry York,wgomez@example.com,anthonyarias
Manuel Smith,kmaldonado@example.org,vglass
Jackie Johnson,rodriguezwilliam@example.com,aarontucker
Kathleen Newman MD,christina93@example.org,reneemata
Cindy Brooks,klopez@example.com,timothysmith
Evelyn Lawson,riveramargaret@example.org,xdaniels
Jason Hale,awalsh@example.net,singhcollin
Kelly Walters,arroyomicheal@example.com,tjimenez
Brittany Ramos,lisa08@example.com,awoods
Joseph Bass,pperez@example.net,wesley91
Jessica Moreno,robert77@example.com,lisa27
Michele Macias,whitepatricia@example.com,alexandermatthews
Misty Gillespie,bankstracy@example.org,stewartpatrick
Heidi Fields,tkim@example.net,sarah63
Ashley Tucker,njones@example.net,gina01
Meghan Nguyen,jeremybowman@example.net,jacobswilliam
Timothy Bryant,dawnsimmons@example.org,thughes
Victoria Sparks,jasonrogers@example.net,kara44
Charles Booth,estesedwin@example.net,cindy62
Randall Kim,donald84@example.org,richardsonbryan
Judith Wilson,agordon@example.org,sandra10
Brad Esparza,ryansilva@example.org,amycarson
Caleb Boyer,pattersonchristine@example.com,melissastone
Danielle Johnson,taylor91@example.net,harrelljacqueline
Diane Riley,charlesquinn@example.org,jonathansanders
Kimberly Cole,burkedale@example.net,tinaroth
Roger Sandoval,mistymay@example.com,astewart
Kim Bennett,dustin98@example.net,gbarry
Michael Kelly,bautistaandrew@example.org,keithwilliam
Lauren Diaz,handerson@example.org,paula44
Gina Moses,cynthia00@example.net,lawrence82
Debra Weeks,dustin54@example.com,whiterichard
Henry Galloway,marksdaniel@example.net,lmontgomery
Jill Wright,derekconley@example.org,kingsara
Wendy Nelson,gravesrhonda@example.com,angelasmith
Jill Wu,ffleming@example.com,littlevanessa
Jessica Smith,ltorres@example.org,andrew22
Cynthia Ross,ianrobertson@example.com,hnunez
Austin Warner,brandi56@example.net,richardthompson
Christopher Clark,wadeangela@example.net,amy02
Kevin Harris,kcollins@example.net,silvamonica
Zachary Alexander,dannyvelazquez@example.com,samanthaanderson
Michael Williams,bellis@example.com,kelleysusan
Dustin Rodriguez,emma14@example.com,kjohnson
Christopher Frank,ryan70@example.com,ewatson
Dawn Wagner,imills@example.org,joshuarussell
Jamie Alvarado,pduffy@example.com,pamela65
Ms. Mary Andrews,david88@example.net,dakotagarrett
Megan Tucker,rebecca93@example.com,ambersmith
Justin Ortega,huntercrawford@example.com,justinroberts
Jacqueline Buckley,fsmith@example.com,howediane
Michael Molina,eric32@example.net,hprice
Peter Horton PhD,relliott@example.net,stephensautumn
Robert Harris,christopher97@example.org,jenniferbrown
Michelle Martin,adamsmallory@example.org,vasquezkaren
Kyle Sellers,xwest@example.net,phodges
Ruth Perkins DDS,tbrown@example.org,reginanielsen
Linda Davis,robert09@example.net,smartin
Michael Shea,cassandraalvarado@example.net,pamela12
David Terry,wardmonique@example.org,whitemaria
Kenneth Coleman,johnsonpeter@example.org,clifford85
Jennifer Mccoy,ramirezderek@example.com,cynthia27
William Pearson,jcox@example.org,pam58
Gina Mcdonald,paulware@example.com,chungandrew
Laura Myers,theresadavis@example.com,henrybuchanan
Roy Lee,flewis@example.com,kwhite
Joshua Hughes,taylorbryan@example.com,adamford
James Thomas,becky31@example.com,palmersandra
Thomas Guerra,hermanstephanie@example.net,lpham
Charles Russell,torresscott@example.com,nturner
Taylor Fernandez,andersonjacob@example.com,taylor03
Lynn Parker,qday@example.org,morgan13
Jessica Heath,tammyburke@example.com,fosterdaniel
Courtney Hill,kirbylaura@example.net,ramirezchelsea
Joseph Chavez,marygarcia@example.com,donna86
Timothy Newton,townsendbradley@example.org,beckvictoria
Gregory Roberts,michael62@example.net,joykirby
Kristen Wood,brandon24@example.net,johnsoto
Stephen Silva,parkerroger@example.net,gmendez
Kimberly Brock,elliottdavid@example.com,archernatalie
Michelle Bray,hoodsamantha@example.net,andrewhunter
Melissa Mcgrath,dakotaballard@example.org,margaret04
Katie Caldwell,paulwhite@example.net,schmidtkatherine
Madeline Nguyen MD,richardmartinez@example.com,deborahlee
Jennifer Blair,plee@example.net,vharrison
Allen Shannon,williamwagner@example.org,alexanderlowe
Marcus Warren,james00@example.com,monica47
Robert Smith,bobbycox@example.com,revans
Brandi Garcia,debbie30@example.org,kimhendricks
Amanda Gomez MD,tandrade@example.net,scott61
Annette Davila,castanedajohn@example.com,robincarey
Vincent Blanchard,valerie76@example.net,fritzcourtney
John Bryant,kennedycole@example.com,barbarareyes
Robin Alexander DDS,john56@example.org,raymondjohn
Barbara Sutton,frenchleah@example.org,rjones
Adam Avila,victordrake@example.net,meghan03
Daryl Smith,sharon59@example.com,alyssa89
John Walsh,grimeskyle@example.org,andrewho
Robert Zavala,pmartinez@example.com,laurenmaxwell
Michael Garcia,mmercer@example.org,esanchez
Melanie Santana,hansenpatricia@example.net,perrymonique
Christopher Mcdonald,melissa10@example.net,jennifercarlson
Dylan Miller,hillbenjamin@example.com,lsingh
Larry Martin,meganpineda@example.net,davidburke
Tracy Gallagher,tiffanyfischer@example.org,michael08
Brandon Jensen,andrew88@example.org,ganderson
Miss Sherri Mccormick,atkinsondaniel@example.net,connerlauren
Deborah Holmes,justin46@example.org,stevenrivas
Laura Norton,alexromero@example.com,louisellis
Thomas Rocha,dana68@example.com,gonzalesgarrett
Jeffrey Carter,edward44@example.net,clarkjennifer
Brandon Sharp,juan34@example.com,brittany84
Stacey Kane,martinezcarmen@example.net,craigcarolyn
Veronica Mejia,usanchez@example.com,mossangela
Matthew Farmer,jennifertaylor@example.com,kkemp
James Turner,marcia56@example.org,dporter
Bruce Case,nancy53@example.com,kfoster
Juan Underwood,adam90@example.com,lmorrison
Katherine Oconnor,mark11@example.org,myersbernard
Anna Bauer,perryjason@example.org,sandrawallace
John Turner,julian99@example.com,christopher24
Julia Camacho,paullisa@example.net,matthewdominguez
Helen Johnson,riceangela@example.org,abigailwilson
Nicole Hernandez,andrew18@example.com,danabaker
Rachel Smith,hoganscott@example.com,wellsbrian
Emily Gray,kirstenwilson@example.org,vnelson
Michael Johnson,sandrasnyder@example.org,sergioalvarado
Barbara Todd,nancyscott@example.org,kcervantes
Cheryl Gonzalez,davidlewis@example.org,johnsonjessica
Laurie Hanson,jacob70@example.com,brownkimberly
Courtney Kerr,xhoward@example.com,thomas57
Monica Lynch,christina00@example.net,ryanlewis
Holly Coleman,jmartin@example.org,peter50
Rebecca Anderson,hoffmanjoseph@example.org,qwilliams
Diane Miles,daniel03@example.net,joseph45
Todd Taylor,sgarcia@example.net,alexanderbell
Ryan Rodriguez,michaellopez@example.net,tracy49
Brandon Morales,sylvia97@example.org,gwright
Dr. Jeremy Gonzales,jonesmichelle@example.net,gregorymontgomery
Justin Mccormick,lynn49@example.org,robertwoodard
Dr. Anthony Dixon,paynestephen@example.net,tammyhowe
Joan Tanner,sandrahernandez@example.org,collinslisa
Connie Miller,breanna54@example.org,lacey28
Melissa Woods,heather77@example.net,reynoldsmaria
Jill Burton,michael39@example.org,ocrawford
Brian Holland,davidjones@example.net,sarahshaffer
Wendy Peck,nmunoz@example.net,jaredmorris
Priscilla Davis,williamsbenjamin@example.net,evanssamantha
John Morris,ybutler@example.com,normanmelissa
Mckenzie Lane,uanderson@example.net,powelljennifer
Stephanie Bradley,turnerdonna@example.org,kathrynwebb
Paul Sawyer,tracyconner@example.com,christina88
Mr. Douglas Garner,stewarterik@example.org,simmonscurtis
Bruce Jones,traceybutler@example.org,joyceryan
Daniel Wright,douglas91@example.org,xwatson
Nicholas Torres,aaronmitchell@example.net,douglaswong
Randy Herrera,robinprice@example.org,barbarasimmons
Anthony Warren,john75@example.org,kristina57
Darrell Vance,gainesjessica@example.org,teresacowan
Edward Taylor,ymay@example.org,haleyramirez
Vanessa Stone,anita98@example.com,hchapman
Tabitha Garrison DDS,megan82@example.org,walter84
Jennifer Benton,nknight@example.org,martineztroy
Taylor Cannon,andreawilson@example.org,steventhomas
Michael Brown,julie64@example.com,fosterhannah
Michael Mcdonald,justin27@example.org,omann
Hector Knapp,whitejack@example.net,cookryan
Rebecca Thornton,joanna01@example.net,kathycarter
Alexander Rodriguez,aaron79@example.net,donaldmclaughlin
Margaret Zhang,ashley30@example.net,isweeney
Jacob Lopez,fisherashley@example.org,donald44
Marcus Anderson,angelawilson@example.org,mcclainchristopher
Sandra Brooks,john37@example.org,kellynguyen
Heidi Mckinney,peggy30@example.net,bowmankaitlyn
Jeremiah Kerr,hamiltonstephanie@example.net,markrodriguez
Matthew Kelly,matthewsmith@example.net,smithdarren
David Gutierrez,gsmith@example.com,tony58
Melissa Turner,murphynicholas@example.org,jessicariddle
Daniel Rogers,sarahrobertson@example.net,samuel64
Joshua Murphy,gregory60@example.com,leetina
Robert Gilbert,beth09@example.net,wellstiffany
Richard Duran,adamparks@example.org,jameswalsh
Mr. Richard Wallace,wkemp@example.com,ronaldgonzalez
Sara Martinez,mcox@example.net,jacobspencer
Wendy Roth,melissa96@example.com,curtis02
Heather Watkins,susanwatts@example.org,kwoodward
Jacob Wallace,christopher12@example.net,shawn62
Zachary Wallace,dennis44@example.org,andersonthomas
Sherri Jones,jennifer12@example.com,jasontapia
Lisa Vaughan,yfaulkner@example.net,ricechristopher
Lori Williams,morganrebecca@example.net,dyerkathryn
Lynn Gray,laurie95@example.net,cthompson
Dr. Tracey Duncan,annette91@example.net,josephjimenez
Veronica Robinson,dave63@example.com,stacy93
Kim Jackson,michael87@example.com,copelandjoshua
Kara Hebert,kenneth37@example.net,gcopeland
Brandy Osborne,lruiz@example.net,jessicahodge
Jessica Warner,garciamichael@example.com,victoria49
Christine Cole,pbarrett@example.com,monicahenderson
Tiffany Johnson,douglasdana@example.com,jrubio
Connie Poole,robert52@example.net,mvasquez
Daniel Adams,laura08@example.net,michellelawrence
Timothy Schroeder,adam32@example.com,katherinebaker
Roy Doyle,abates@example.net,briangonzalez
Briana Bruce,christopherkelley@example.com,antonio39
Edward Perez,daltonruth@example.net,jonathandavidson
Ricardo Knight,sbentley@example.com,kimberly86
Susan Wyatt,josephmichael@example.org,amandale
Brian Romero,janice74@example.net,cheryl77
Johnny Mack,xwilliams@example.org,jessica89
Emily Barnes,ryangrant@example.com,kristin14
Marcus Chung,wcampos@example.com,barkerchristopher
Michael Brown,robertsmargaret@example.org,douglas68
Javier Small,morrisglenda@example.org,douglas18
Wendy Lowe,linda45@example.com,jenniferpittman
Sarah Porter,vincent28@example.net,udouglas
Max Zuniga,bgill@example.com,wilcoxsherry
Michael Rush,matthewfitzpatrick@example.org,teresahernandez
Carlos Scott,harrytrevino@example.org,jonmartinez
Nicholas Marsh,fjohnson@example.net,ysalazar
Timothy Smith,joseph91@example.net,laurenkim
Erin Harrison,elliottrachael@example.com,dmoore
Thomas Thompson,jake61@example.net,smiller
Michael Juarez,jacqueline35@example.net,blong
Carol Lopez,wandabutler@example.net,aaron96
Cheryl Gray,laurenmcgee@example.net,paula72
Diane Koch,bradleyfrost@example.com,crystal99
Amanda Nash,melissa02@example.org,jlopez
Cody Taylor,taylormatthew@example.org,cordovakylie
Samantha Mccarthy,scottallison@example.com,luisgilmore
Meghan Hart,adamsanthony@example.com,david13
Wendy Butler,jenkinssheryl@example.com,adavis
Kenneth Kelley,shellypatel@example.org,shernandez
Amanda Morgan,michaelowens@example.com,millerkimberly
Barry Phillips,hatkinson@example.org,crystalwalters
Erin Jones MD,qfields@example.org,mooreanna
Jo Turner,ashley17@example.org,mrodriguez
William Roman,calderonedward@example.com,xduran
Lisa Marquez,rebecca73@example.com,kevinpowers
Lindsey Daniels,jean11@example.net,nguyenchris
Stephanie Bauer,gvalenzuela@example.org,susanstout
Lauren Mcmillan,paulachandler@example.org,yramsey
Glenn Kennedy,wilsonanthony@example.com,rcantrell
Cindy Mathews,jmiller@example.net,rubiojames
Juan Brown,brianna13@example.net,tylerphillips
Dr. Victoria Murphy,jacksonrobert@example.org,jgilmore
Gwendolyn Morris,xcraig@example.com,michaelobrien
Michelle Hunter,debra12@example.org,kristypowers
Robert Williams,mckenzie85@example.com,powellbenjamin
John Mays,rhondaleblanc@example.org,holly01
Dr. James Williams,dennis60@example.org,hurstgregory
Brittany Brown,miguel18@example.org,melvinallen
Dr. Garrett Smith,masonbecky@example.net,wallacekimberly
Alexis Shaffer,xpatel@example.org,elizabeth51
Scott Reeves,austin05@example.org,pmartinez
Sheila Doyle,gdaniels@example.com,janthony
Chloe Young,rodrigueztoni@example.com,fmccullough
Susan Mcdonald,thartman@example.org,cruzashley
Jason Martinez,sophiaclark@example.org,catherine89
Crystal Wang,idavis@example.org,jonesallison
Alexandra Henry,vanessaanderson@example.org,mariagonzalez
Christopher Ortiz,millspaula@example.com,wendytran
Lori Richardson,zhangmark@example.net,perezbryan
Kenneth Young,allenkevin@example.com,cummingstravis
Diane Carroll,martinjacqueline@example.net,martinezcassandra
Shannon Gomez,mccalldana@example.com,msmith
Brian Riley,reyesanna@example.org,meyerkenneth
Sean David,cameron71@example.org,petergonzalez
Jessica Huffman,saraperkins@example.com,morrissteven
Christopher Lewis,samanthapalmer@example.net,johnsonbrandon
Emily Henderson,bwoods@example.net,hamiltonmichele
Jesse Haynes,tanner71@example.org,emilylopez
Michele Hamilton,leejared@example.com,imahoney
Paul King,jennifer87@example.net,alexisklein
April Kennedy,scottwebster@example.org,valerie80
Amanda Moore,victorlee@example.net,morenogabriel
Madison Wilson,andradejennifer@example.com,efreeman
John Jackson,felicia74@example.org,perkinsdean
Alison Davis,richardbrown@example.net,shepparddonald
Kimberly Roberts,cynthia13@example.org,rodrigueztracy
Erika Hicks,victorhernandez@example.com,patriciaharris
Felicia Adams,hnelson@example.net,garciachristine
Christopher Wilson,brockdouglas@example.net,znelson
Pamela Baker,rachelgoodman@example.com,javiergarcia
Joan Byrd,colechristopher@example.org,antoniorodriguez
Amber Haynes,anthony86@example.com,mercadobilly
Colleen Cain,robinsonsara@example.com,howardsarah
Jonathan Haynes,qjohnson@example.net,adam87
Stacie Pena DVM,williamslee@example.net,davidrobinson
Rebecca Williams,blake84@example.com,jamie51
Shari Scott MD,brownlinda@example.net,tiffanycampbell
Christian Oneal,nathancherry@example.net,garyalvarez
Ashley Sullivan,tonyayoung@example.org,moodyanna
Emily Jones,mckayisabel@example.net,clairemccoy
Laura Gomez,wmorales@example.org,james99
Philip Jones,pweaver@example.net,joannehoward
Sara Howard,adamsronald@example.org,brett55
Vincent Snyder,snorris@example.com,bcain
Tara White,graypaul@example.org,sherry43
Leslie Lopez,fjones@example.com,tammy18
Leah Li,fschwartz@example.net,lopezlaura
Mary Haynes,holly47@example.org,matthewrogers
James Warren,rcruz@example.net,martinezheather
Bryan Reid,hartmike@example.com,georgejoshua
Kevin Edwards,ashley77@example.net,sarah58
Patrick Rhodes,vwilliams@example.com,ericelliott
Kelsey Hill,dgray@example.net,clarkerenee
Jennifer Johnson,larry36@example.com,lopezdavid
Mrs. Morgan Ellis,kayla25@example.com,fshepard
Noah Hodge,pgonzalez@example.org,robin89
Joan Patterson,mistylewis@example.org,homelissa
Laura Gonzales,melinda74@example.com,larryalexander
Eugene Anderson,thomaspatricia@example.com,mistywhitehead
Eric Blanchard,kelleymelinda@example.org,mariojones
Jay Rios,melissa00@example.net,plewis
Jason Martin,rlopez@example.com,smallzachary
Javier Mckay,simpsonandrew@example.com,freemanjonathan
Frederick Hampton,agibbs@example.net,fdaniels
Victor Henderson,codypham@example.com,timothywells
Angela Nguyen,brownshane@example.com,brendankennedy
Roberto Campbell,lee51@example.net,jenkinsrobin
Christopher Weiss,aali@example.net,keithramos
Wendy Jensen MD,sarahwillis@example.net,heatherjones
Norma Booker,carrollmichael@example.com,erika80
Lauren Smith,michaelgibbs@example.org,alexandraobrien
Ashley Smith,mariahunter@example.org,chad07
Matthew Solis,garrettmiller@example.net,amandaflores
Kelsey Gibson,amy26@example.net,mark48
Randy Pineda,qcollins@example.net,ruizjonathan
Lisa Todd,john11@example.net,weavermitchell
Cindy Kim,taylorfrancisco@example.net,beverly91
Kevin Palmer,yhamilton@example.net,brian13
Warren Lin,thomas01@example.net,nortiz
Matthew Sanchez,umiller@example.org,fjones
Daniel Carlson,vwatson@example.com,robert67
Christopher Armstrong,ygonzalez@example.org,flowe
April Fleming,johnsontimothy@example.net,danielle14
Emily Pacheco,kelly19@example.com,howellrachel
Patrick Rogers,debrarhodes@example.com,qruiz
Daisy Morales,anna52@example.com,kristopherrodriguez
Andrea Hart,buckleymckenzie@example.org,richardsstacey
Michael Mckenzie,christopher84@example.com,thomashill
David Potts,patrickjohnson@example.net,marissamiller
Kristen Green,lopezsierra@example.com,lisa51
Joseph Klein,cainsandra@example.com,michellemiller
Douglas Lambert,ubest@example.com,ryanfrazier
Lisa Peterson,adrienne07@example.com,singhjacob
Mr. Paul Nelson DVM,carol52@example.org,davidbell
Paul Wade,jonesjohn@example.net,oliverkelly
Jeremy Anderson,trevorsloan@example.com,tracyjones
Chad Hicks,timothyfigueroa@example.com,nshaw
Michael Davies,barnesjames@example.net,morgandavid
Timothy Pollard,kayla74@example.com,greenmarc
Jason Herrera,smithstephen@example.net,davidpoole
Deborah Lee,johngarner@example.org,kristahenderson
Nicole Gonzales,stephenmata@example.org,tdavid
Keith Newman,lyonscrystal@example.net,kim54
Mary Austin,troy70@example.net,brianramsey
Brian Dodson,jessica52@example.com,bjacobson
Tonya Taylor,brent47@example.org,keithtorres
Justin Miller,cbrooks@example.org,calvinkane
Mary Foster,joshua16@example.org,karen96
Christian Cruz,williamsjustin@example.net,kcollins
Kristina Weaver,woodswillie@example.org,lutzbrandon
Kyle Williams,monica79@example.com,khill
Shawn Howard,ygaines@example.com,castrostephen
Brittney Hernandez,brittanybutler@example.org,frances00
Amanda Cook,xturner@example.org,marquezalec
Christopher Johnson,ashleylowery@example.net,tiffany97
Patrick Ryan,thomasmorales@example.org,leslie42
Christopher Garcia,uwaters@example.org,nancyhunter
Albert Grant,sarah48@example.org,isims
Mrs. Lacey Thomas,ycopeland@example.net,petersonmary
Jeffrey Shah,monica62@example.com,cindywilson
Matthew Barber,miguelsmith@example.com,charles45
Heather Martinez,guzmankatrina@example.org,amandadavila
Travis Jackson,amanda74@example.com,marklewis
Joshua Gonzalez,qwoods@example.net,scott10
Steven Sullivan,heatherjohnson@example.com,matthew58
Ronald Rojas,clarence38@example.net,natalie98
Ronald Bowen,cameronbrandon@example.org,omercer
Shawn Nelson,richardsmith@example.org,franciscohiggins
Audrey Shaw,craigyoung@example.net,chelsea28
Michael Buchanan,clarkphillip@example.com,wardpamela
Suzanne Turner,tamara17@example.net,katherine34
Jessica Steele,adavis@example.net,travis30
Angela Jenkins,tsmith@example.org,jamieberger
Elizabeth Jarvis,johnrose@example.com,molly30
Michael Castillo,maryperez@example.org,juliathompson
Brandon Robinson,hammondjessica@example.com,justin30
Ashley Rogers,kevin81@example.org,christineclark
Mark Graves,calhounrobert@example.org,emckay
Whitney Terrell DVM,ydickerson@example.com,baldwinrichard
Tammy Mann,lestrada@example.com,omartinez
Charles Garcia,mariaguerra@example.com,nicole69
Donald Williamson,gaineswilliam@example.com,david62
Rebecca Torres,danielmiller@example.com,ayalaadam
Michael Wilkinson,nicoledunn@example.com,uarcher
Kevin Hansen,johnsondenise@example.org,hollandjacqueline
Joseph Evans,gregorycardenas@example.com,jamescarter
Michael Hughes,powellwilliam@example.org,salazarmadison
Connie Morris,ann15@example.org,diazjohn
Richard Weaver,wilsonkelly@example.org,kathleenmarshall
Stephen Wood,scottallen@example.net,anorris
Michelle Sullivan,eddiejackson@example.org,kimpearson
Tara Keith,smithglen@example.com,henry39
Katherine Robinson,annekaufman@example.com,sanchezrobyn
Christina Turner,nsmith@example.org,carterkatelyn
Chad Curtis,smccoy@example.net,csmith
Kevin Jones,marthasmith@example.org,mackenzie27
Anthony Tanner,brandon95@example.net,carolyn44
Kevin Molina,mbaker@example.org,stacy27
Chelsea Wade,jenkinsrebekah@example.org,adrianacampbell
Ryan Hernandez,milesalan@example.org,john93
Ronald Green,scotttheresa@example.com,rachel22
Zachary Thompson,psmith@example.com,blackjessica
Lauren Anderson,joe60@example.net,larajamie
Elizabeth Adams,sherry46@example.org,james52
Lindsey Monroe,jared48@example.net,christy08
Robert Mejia,evanssandra@example.net,rodriguezthomas
Joshua Cook,sandra58@example.com,rmartinez
Maria Leon,chad50@example.org,cynthiabailey
Keith Zamora,david32@example.net,gregwest
Jose Rodriguez,jfrazier@example.net,paulmyers
Jason Brown,jodibrooks@example.net,traceyphillips
April Wright,dbarnes@example.net,markjones
Barbara Mckenzie,dwhitehead@example.net,chaneytyler
Melanie Hobbs,dtaylor@example.net,tiffany39
Jeffrey Tapia,nolandavid@example.com,timothy31
Melanie Elliott,kennethbell@example.net,stewartlisa
Joshua Johnson,xjimenez@example.com,vanessa20
Stephen Butler,qsmith@example.org,toddbrittany
Lauren Estrada,hartwayne@example.com,reneegreen
Aaron Schneider,shafferjose@example.net,lcollins
Adam Turner,usnyder@example.com,boothnancy
Colin Jenkins,jacqueline46@example.com,melissa20
Kelli Maldonado,parkerjonathan@example.com,barbara07
Kelly Snyder,aimeestevens@example.com,annette48
Aimee Gutierrez,kenneth73@example.com,robertellis
Robert Mejia,jennifer11@example.org,ericachavez
Johnathan Schwartz,meyersapril@example.org,stevenwarner
Amanda Jacobson,jeffrey64@example.com,lawrencejames
Colin Ray PhD,snunez@example.net,mackenzie32
Denise Cooper,maria71@example.net,mwalsh
Maria Jones,matthewpope@example.com,eanderson
Oscar Jackson,hesskathy@example.net,wgreen
Jose Hunter,allenlori@example.org,fowlerdestiny
Courtney Walton,rbrooks@example.org,nthompson
Jessica Miller,katherineramirez@example.org,dalegordon
Alison Evans,thomas62@example.com,claytongerald
Mr. Zachary Shaw,steven18@example.org,changjohn
John Walls,schmidtlauren@example.net,hawkinsholly
Kelly Curtis,dschroeder@example.org,dean27
Robert Watkins,maria61@example.net,mary74
Brandon Greene,etrujillo@example.org,msmith
Mary Marks,heatherknight@example.org,aterrell
Bruce Williams,johnmedina@example.org,floresnatalie
Melissa Spencer,kclark@example.com,rguzman
David Barber,joseph02@example.net,teresa15
Jose Moore,justinhoward@example.com,lalexander
Michael Dean,alyssagutierrez@example.com,josephsteele
Devin Martinez,sergio76@example.com,clarkangela
Mary Lynch,brendaroberts@example.com,apollard
Michele Jordan,stephaniegreen@example.net,canderson
Evelyn Howard,markmiles@example.com,michael53
Robert Wright,francocarolyn@example.org,tonyahodges
Samantha Miller,kferrell@example.net,wilsoncourtney
Shannon Hicks,chamberserik@example.net,mtaylor
Rodney Turner,jacqueline73@example.org,rebecca00
Taylor Gray,woodkathleen@example.org,olivermackenzie
Michael Carroll,nmarshall@example.com,alierika
Michele Jones,kinglacey@example.org,grantgeorge
Gregory Brown,christopherstephens@example.com,belindariley
Daniel Gates,mstephens@example.net,danielcooke
Jessica Black,hoffmancody@example.com,mckeehannah
Suzanne Mendoza,pateljohn@example.net,earl69
Thomas Robinson,christopherallen@example.net,jacqueline83
William Evans,williamsmelissa@example.net,hunterdominique
Abigail Sanchez,amanda29@example.net,coffeyemily
Rebecca Parker,smithcarlos@example.org,aanderson
Geoffrey Smith,leachstanley@example.com,khodges
Daniel Buck,crystal52@example.com,millerkristin
Danielle Espinoza,aprilcook@example.com,james00
Lori Lozano,qjohnson@example.org,james43
Travis Harrell,jennifershelton@example.net,tylerwalker
Susan Nelson,shawn27@example.org,curtis64
Jerry Walsh,heather19@example.com,charles27
Dustin Davis,rogershaley@example.com,jean51
Anthony Miller,hoffmantaylor@example.net,austinjones
James Carlson,erik38@example.net,garymiller
Julie Stanton,howardluke@example.net,claudia74
Kimberly Greene,fordjeff@example.org,adamsjason
Michelle Buchanan,tyler62@example.net,lauren62
Michael Thompson,donaldmcgrath@example.org,charlesflores
Miranda Cordova,robin74@example.com,stephaniebarnes
Jamie Mitchell,robbinsgary@example.com,pamela65
Kevin Johnson,rickcraig@example.net,peterhendricks
Jonathan Hernandez,loriquinn@example.net,cooklaura
Kevin Villanueva,destinybooker@example.net,kathryn20
Holly Jones,qayala@example.com,angela90
Melissa Ingram,diane63@example.org,jasonrodriguez
Jordan Adkins,idavis@example.com,steeleashley
Michael Huber,bethanyhenry@example.org,wilsonkathleen
Jamie Smith,sethmcguire@example.org,ynewton
Michael Peters,todonnell@example.net,matthewcook
Ryan Smith,greg51@example.org,kholt
Derek Miller,benjamin27@example.org,schroederdavid
Wendy Dixon,tamara32@example.net,bthompson
David Brown,alicia74@example.org,blakedevin
Jennifer Davis,roberthensley@example.com,glenntimothy
Veronica Burnett,asantana@example.com,robertmartinez
Shari Carroll,tsilva@example.org,lawrence29
Matthew Coleman,jellis@example.com,santosmegan
Margaret Murphy,bacosta@example.net,michael28
Robyn Hughes,moorejerry@example.com,raymondbrown
Jonathan Gonzalez,megan00@example.org,rosssandra
Kevin Taylor,crawfordbarbara@example.com,charlespayne
William Navarro,daniel78@example.net,elizabethsweeney
Cody Gordon,markgarcia@example.net,leerobin
Brenda Hayes,vdelgado@example.net,michele62
Ricky Simon,edwardscassandra@example.net,kayleeblake
Shawn Curtis,debra04@example.org,andrebecker
Mr. Brett Mendoza DDS,christinadouglas@example.com,suzanne48
Alex Wade,whitneyallen@example.org,elizabeth66
Jeffrey Arias,waltersmichael@example.org,lisa04
Kimberly Rogers,hernandezsarah@example.com,melissaatkins
Stephanie Mccarty,gallowaykelly@example.com,caitlinfranklin
Nicholas Johnson,edwardmurphy@example.org,ashleymartinez
Melissa Ballard,singletonashley@example.org,zjarvis
Richard Guerrero,martinezjimmy@example.org,wagneramanda
Brandon Beck,ronald46@example.org,sullivanseth
Ashley Navarro,josephmiller@example.com,michaelmurray
Patricia Berg,arnoldjerry@example.org,basschad
Wendy Cain,whammond@example.com,kara82
Olivia Fletcher,matthew01@example.net,ibarraamanda
Joseph Burton,williamespinoza@example.net,michael65
Steven Chapman,qjoseph@example.com,mitchellmario
Brandon Webb,xpugh@example.net,scotttracy
Kevin Franklin,longdwayne@example.org,qjohnson
Jeffery Hebert,anorris@example.net,smithgeorge
Curtis Paul,heather04@example.org,reillyerin
Robert Miller,connie50@example.com,amymunoz
Connie Benson,gregory54@example.org,bsantos
Dan Ramos,huntleon@example.org,lchapman
Amber Davis,xgilbert@example.net,kevinhammond
Madison Day,reginawilliams@example.com,steven32
Christy Moore,autumnwalter@example.com,brownjulia
Matthew Andrews,amyjohnson@example.org,bryan39
Matthew Lewis,ruth19@example.net,cynthia34
Samantha Flores,fpetersen@example.org,jodi49
Jason Jackson,martinezbonnie@example.org,coopermatthew
Anthony Allen,thompsonvickie@example.net,emmarichardson
Shawn Moran,andrewfarrell@example.com,mdoyle
Victoria Green,diazrichard@example.org,sullivanaaron
Alexandra Smith,cmonroe@example.com,sarakeller
Steven Mayer,johnfields@example.net,arthurmercado
Leonard Barrett,umorales@example.net,anna24
Thomas Davis,troykrause@example.net,vanessa89
Kathleen Carter,brandon58@example.com,ricardofoley
Denise Peterson,ruthgraham@example.com,cgutierrez
Yvonne Reed,kristin89@example.com,grobertson
Pamela Smith,joseph89@example.com,ecortez
Deanna Hernandez,gavin35@example.com,jordanmikayla
Cathy Mcgee,williammedina@example.net,modonnell
Monica Williams,jonesdaniel@example.org,laura66
Jeffrey Pollard,ysantiago@example.net,martinrussell
Kevin Riddle,pbailey@example.com,cookejason
Christopher Martinez,contreraskevin@example.com,calvin29
Christopher Weaver,alisonjimenez@example.org,jomiller
Melissa White,gillrussell@example.net,stephensmith
Aaron Perez,josephobrien@example.net,caitlinmurphy
Lisa Solis,deanna34@example.net,qcannon
Laura Lloyd,stevenhudson@example.org,greenechristina
Sarah Best,jeff89@example.com,valeriewilson
Daniel Burke,nicholaslee@example.com,vschmidt
Jacob White,jamesperry@example.org,crystal85
Kristin Villa,cameron53@example.org,pblack
Gabriela Davis,hudsongregory@example.com,nancy96
Victor Simpson,yallen@example.com,tyler78
Michael Rodriguez,yspencer@example.net,kellyevans
Allen Delgado,donaldsonkayla@example.com,garcianicholas
Bridget Austin,bentonfrank@example.net,richardhouse
Nichole Campbell,jonathan88@example.org,halljoshua
Jeanette Horton,burtonjohn@example.net,joannamathews
Toni Chan,timothybutler@example.org,kelly66
Brian Shannon,kelly02@example.com,masonjoseph
Brian Clark Jr.,juarezrebecca@example.org,hintonmindy
Jennifer Mahoney,yferguson@example.net,frenchrenee
Thomas Ray,dreyes@example.com,daniel82
Anne Lewis,stantontina@example.net,michaela66
Scott Campbell,richjustin@example.com,mhoward
Ashley Higgins,hammonddavid@example.org,ibishop
Gary Jackson,corey40@example.com,cameron88
Ethan Young,michael64@example.org,william16
Jason Wright,eglover@example.com,debbiebradley
Ellen Sharp,kenneth76@example.com,rodriguezkathleen
Maria Gonzalez,browndonna@example.net,thomas64
Brenda Kirby,mlee@example.org,casey27
Eileen Bailey,zmcbride@example.net,meganmcfarland
William Fitzgerald,keith34@example.org,acox
Emily Hartman,josephcross@example.net,joshua27
Jessica Smith,sholland@example.net,bethany07
Michael Stephens Jr.,antoniowelch@example.com,walkerbrandy
John Snow,sarah36@example.com,casey48
Sophia Barnes,nthomas@example.com,mmorgan
Alexander Ray,jhernandez@example.com,matthewsimmons
Gary Blevins,zcurtis@example.org,perezjennifer
Dana Moss,ushepherd@example.com,nkeith
Kathleen Holland,julia07@example.org,zchambers
Cynthia Morales,cherylhernandez@example.org,fcarson
Leroy Meyers,james34@example.org,kaitlin15
Elizabeth Hartman,rjohnson@example.net,ashleydavid
Kimberly Sexton,butlerjasmine@example.com,cynthia26
Randall Snow,daniel63@example.org,ikim
Kimberly Waters,michelle61@example.net,michaellin
Melissa Tyler,yhall@example.com,jacob10
Krista Dominguez,erin97@example.com,odillon
Javier Greer,kanesergio@example.net,pmayer
Bradley Ortiz,joshuamitchell@example.net,ibarrajustin
Matthew Duncan,johnmorales@example.com,louis65
Sarah Weiss,tcervantes@example.com,joyhendricks
Amanda Munoz,john17@example.net,mbass
Billy Powell,lopezjames@example.net,careylauren
Alison Smith,robert50@example.com,jennifer56
Dale Howard,michael95@example.com,zschroeder
Nancy Cowan,melissa02@example.net,cameronsanchez
David Bradley,lisa99@example.net,peter55
Brittney Reyes,ballardwilliam@example.com,price
Meredith Shaw,nancy63@example.org,pamela41
Jesus Howard,susan33@example.org,aaronwilliams
Richard Washington,heather32@example.org,erickennedy
Ricky Pena,gbrown@example.com,jchambers
Jennifer Huber,kwheeler@example.com,paynetaylor
Samantha Mercer,twood@example.com,henryscott
Andrew Rasmussen,middletonanthony@example.net,ekent
Eric Mcclure MD,tiffanymccullough@example.com,cheryl22
James Cox,lisa97@example.net,lisa43
Cheyenne Cox,christopherlowe@example.net,jennifer79
Stephen White,broy@example.com,greynolds
Eric Patterson,zquinn@example.org,zmarshall
Jamie Little,danadaugherty@example.com,andrewdouglas
Hayley Park,awilson@example.com,chelsea12
Cassandra Lamb,katherinebates@example.org,timothy10
Erin Bates,baileywhitney@example.org,qtaylor
Nicholas Trevino,lreynolds@example.org,karareese
Natalie Lopez,jbowers@example.org,pbolton
Cory Garza,joshua38@example.net,ugarcia
Joseph Schneider,bmoore@example.org,james81
Christine George,kelly03@example.net,yevans
Tracy Hunt,fwall@example.org,joseph53
Gary Jackson,nmanning@example.net,april64
Kristen Robinson,websterdustin@example.net,tamara49
Michael Perkins,shannonjenkins@example.com,jeromeharper
Joseph Mitchell,jwilliams@example.net,craigdennis
Ashlee Sanders,kkelly@example.com,andrew10
Dr. Cory Reynolds,csmith@example.com,sstone
Rachael Williams,dorothyellis@example.com,patriciaford
Alison Brown,tellison@example.net,thomasdeborah
Nathan Rhodes,jose45@example.org,rebeccasingleton
Nicole Wells,trevorwatkins@example.net,camachoshane
Bonnie Jackson,gonzalezkrystal@example.org,ljenkins
Roy West,george23@example.com,natalie29
Karen Bishop,jjarvis@example.com,annayoung
Matthew Greene,serickson@example.net,yphillips
Kyle Lewis,ebrown@example.com,martha68
Robin Fisher,ujackson@example.org,rwalsh
Brandi Ward,kjones@example.org,benderwilliam
Eric Knight,todd93@example.net,timwilliams
Haley West,amandawu@example.org,krystal93
William Harrison,reginawilliams@example.org,moralestammy
Paige Hernandez,qhenry@example.net,rileyhaley
John Campbell,sarahflores@example.org,trichard
Michael Pitts,snelson@example.net,wilsonashley
Chad Chan,lorimcdowell@example.net,collinscheryl
Charles Miller,jennifer89@example.com,adkinskyle
Richard Hines,rogerskevin@example.net,christine56
Sharon Stevens,cooperkelly@example.org,sarahflores
Daniel Preston,schultzkerri@example.net,umcguire
Carmen Miller,charlesmartinez@example.net,sierrafuller
Jennifer Clark,kristinjohnson@example.org,gonzalezkenneth
Susan Green,xpena@example.org,coleraymond
Joshua Reed,johnwagner@example.net,taylorjohn
Isabel Martinez,rollinsjames@example.com,davidgarcia
Dr. Bryan Saunders,zjames@example.org,matthewerickson
Jennifer Fox,uchandler@example.org,csmith
Fred Baker,sjones@example.net,richardsonmaria
Vincent Fleming,fpittman@example.com,russellhaas
Danielle Reid,rebeccabarnett@example.net,donnadavis
Courtney Johnson,james04@example.org,santosstephanie
Jordan Weaver,jeffrey56@example.net,spearsjake
Marcus Powers,rodneyelliott@example.org,ethomas
Robert Richardson,gary19@example.org,gchristensen
Wayne Shea,hugheskelly@example.org,richard18
Bradley Garcia,robertmartin@example.com,zwilliams
Rachael Harrison MD,carpentererica@example.org,kevinnunez
Garrett Obrien,alejandroaguilar@example.com,andrewlee
Alicia Olsen,mario97@example.org,ujohnson
David Watson,dixonnatalie@example.net,rsmith
Amy Davis,jeffrey35@example.net,normawalker
Robin Campbell,georgerebekah@example.net,ginamiranda
Dennis Dixon,asmith@example.org,thomas65
Mario Johnson,stephen72@example.com,candicesmith
Joseph Freeman,meadowsjacob@example.net,lpoole
Brent Duncan,ahartman@example.net,floresjill
Brooke Nelson,wrightronald@example.net,juliareid
Mr. John Brooks PhD,bpena@example.net,lindsaydavis
Sydney Kim,washingtonbrandy@example.org,richardsonbenjamin
Thomas Campos,bryanroberts@example.net,greenpaul
Carly Black,sfisher@example.net,christopher78
Kelly Flores,mendozawayne@example.org,eramirez
Crystal Wood,qdavenport@example.com,lauracarrillo
Carmen Smith,whitney16@example.com,kelsey97
James Lopez,cameron10@example.org,calderonbrian
Rebecca Ortiz,bill35@example.com,deckerchad
Stephanie Wright,edwardsjessica@example.org,emily89
Stephanie Wheeler,aliciapatton@example.com,cynthia74
James Sandoval,riosjeffrey@example.com,jonesbrianna
Jacqueline Durham,nicholas13@example.net,leerobert
Marcia Cochran,adriennerodriguez@example.com,mmitchell
Kayla Chambers,edward06@example.net,zdominguez
Anthony Olsen,hernandezashley@example.org,julierobinson
Joshua Johnson,jasminereynolds@example.com,rachelfrazier
Michelle Brandt,xsmith@example.org,ipearson
William Sanchez,christianbrown@example.com,christopherbradford
Dr. Meredith Johnson,brandon01@example.com,amylee
Nicole King,kathy84@example.com,lucas55
Thomas Holden,sandra72@example.org,carrrobert
Ronald Dixon,wesley78@example.com,hannahayala
Thomas Brown,triciacohen@example.com,fwillis
Sandra Malone,knelson@example.net,randerson
Joshua Smith,edwardbrown@example.org,selenapatterson
Michael Davis,briandouglas@example.com,thomastracey
Angela Copeland,malonemichael@example.org,nunezgrant
Nicole Berry DDS,lindsey31@example.net,halexander
Shelley Carter,quinnamanda@example.net,obrown
Elizabeth Green,jocelyn09@example.net,michael16
Jordan Villarreal,jacqueline23@example.com,michaelbishop
Barry May,wrightbridget@example.org,joshuagreen
Mark Elliott,daviswilliam@example.com,clarkkimberly
Malik Hicks,rparsons@example.org,bonniegarcia
Ashley Camacho,thomas85@example.net,frhodes
Sean Wright,gwilson@example.org,hunterjacob
Stephanie Ross,ftownsend@example.net,richardstravis
Mark Matthews,john21@example.net,hsullivan
Patricia Brandt,rlynch@example.org,erica51
Kelsey Calderon,ashley38@example.org,davenportanne
Alexis Harmon,znguyen@example.net,brandon37
Daniel Hayes,joseph20@example.net,jenkinskristi
Chris Gilbert,anne56@example.org,kimdavidson
Linda Johnson,hferguson@example.org,garciajennifer
Danielle Reynolds,ricardosalinas@example.net,sherry18
Jamie Munoz,xharrison@example.org,tdalton
Samuel Noble,ldavenport@example.net,mfreeman
Philip White,snowsandra@example.org,christysmith
Joseph Beck,calhounthomas@example.com,kathy27
Heidi Turner,gilbertelizabeth@example.org,apineda
Danielle Jackson,lisa18@example.net,baileystephanie
Brett Solomon,bestpaula@example.net,dianebrown
Andrea Hobbs,racheldavis@example.net,rebeccaruiz
Norman Houston,dspencer@example.org,staceyharris
Scott Hardy,nicholasharrison@example.org,john37
Jordan Villarreal,mtaylor@example.org,yward
Sean Casey,sonyamorris@example.com,kcervantes
Mrs. Emily Nelson,christopherpatterson@example.org,zanderson
Tonya Moore,eric10@example.org,amy25
Kelly Ortega,yjacobson@example.org,josephjones
Jeffery Jackson,brookegray@example.net,fjacobs
Christopher Wallace DVM,michaelwalters@example.org,thomasschneider
Stephanie Brown,mitchellharrison@example.net,uroy
Timothy Chang,william82@example.com,mendozatyler
Zachary Wilcox,kimberlyoconnor@example.net,ogrimes
Ann Peterson,melissa29@example.com,ogray
Adam Adams,rivaswalter@example.net,reedwilliam
Brittany Rodriguez,hansenkathleen@example.net,jorgerodriguez
Edgar Gordon,william96@example.com,michael59
Carlos Allen,qosborne@example.com,holderbradley
Jason Johnson,johnskent@example.net,brittany15
Stephanie Perez,michaeldavis@example.com,ncherry
Jeffrey Foster,slee@example.com,jesse27
Kristen Dixon,iholder@example.net,campbellalexa
Kimberly Martin,hedwards@example.org,markbaker
Matthew Fernandez,ralphclarke@example.org,michellesummers
John Cabrera,hannah66@example.net,christina45
Stacey Stewart,dward@example.org,rogerkelly
David Stevens,stacey98@example.com,kwalls
Mariah Bradshaw,cindy39@example.net,jeremygutierrez
Michael Odonnell,davisangela@example.net,christinehall
Dr. Kelsey Hart,agregory@example.org,qbryan
Jared Wilson,williamsbenjamin@example.com,brandonespinoza
Samuel Rodgers,barnesmichael@example.com,ashleyjohnson
Heidi Clark,robertcarpenter@example.org,utran
Sarah Stephens,brownmichael@example.net,villanuevachristine
Nicole Reid,crandall@example.net,lsmith
Kimberly Gentry,ricky11@example.com,sharon91
Sandra Cortez,michelle65@example.com,ebennett
Brian Wood,wayne48@example.com,heathersmith
Chad Sherman,tammyharrison@example.org,rossdavid
Matthew Smith,shahn@example.com,emmabrown
Marie Owens,carl10@example.net,erica48
Ellen Chavez,steven94@example.org,katherinenelson
Martin Walsh,gromero@example.com,jonathanmcguire
Kevin Cummings,callahancharles@example.com,lhale
Michael Velazquez,davidreese@example.com,courtney64
Jill Williams,gdixon@example.net,callahanrebecca
Timothy Owens,tdiaz@example.com,larry91
Rebecca Moore,apeterson@example.com,stevenbyrd
Patrick Pitts,pedro64@example.org,lisa09
Timothy Fisher,gmccoy@example.org,bradleythomas
Karen Vargas,amyorr@example.net,donna66
Sherri Johnson,johnsoncarolyn@example.org,mtrujillo
Mr. Michael Miller PhD,lsmith@example.com,melissawarren
Melanie Mooney,wernernicholas@example.org,bcastro
Pamela Curtis,katherinemorales@example.com,adam16
Mark Allen,holly43@example.net,joneswilliam
Jodi Miller,roconnor@example.com,ronniemarsh
Sara Owen,matthewskevin@example.com,andrew92
Daniel Galvan,matthewmoore@example.com,xmorgan
Douglas Morrison,lblackburn@example.com,colemanjoann
Taylor Wright,lozanolisa@example.net,nhernandez
Jason Mitchell,medinawilliam@example.org,morganlisa
Aaron Anderson,duncantravis@example.net,kevin62
Grant Zimmerman,tarameyer@example.org,edwardsmith
Monica Gomez,waltersmelissa@example.org,derek85
Karen Meyer,hayeslisa@example.org,joseph28
David White,bsmith@example.com,laurajones
James Johnson,eschroeder@example.net,kellysantiago
Allison Browning,melissa86@example.com,ahart
Jesus Walker,kimberlycole@example.net,carla31
Jessica Rodriguez,cranesean@example.net,chaneylaura
Colton Johnson,smithsamuel@example.net,watersgregory
Ashley Carlson,daniel92@example.org,alyssapeterson
Nicholas Olson,crystal51@example.org,nicholasvalencia
Jacob Walters,ybecker@example.org,hunterandrews
Timothy Garcia,hunter05@example.com,shawnalogan
Gregory Larson,esmith@example.org,joshua12
Ray Perry,kharvey@example.org,areed
Shane Sullivan,michael90@example.org,makayla36
Andrew Hamilton,kenneth79@example.com,benjaminperez
Paul Wilson,thorntonsean@example.net,theodorerobinson
Bonnie Lee,traciwallace@example.net,cgreene
Monique Duncan,annamalone@example.org,phillipserin
Joel Thomas,averymatthew@example.com,hbest
Scott Cline,crich@example.org,joneskristine
Vernon Smith MD,aaronvasquez@example.com,brownmarie
Carrie Reid,ngarrett@example.org,teresa37
Daniel Miller,angelamacias@example.org,ywilliams
Jeffrey Mason,phelpschloe@example.com,asmith
Carla Boyle,ashley50@example.net,kristina93
Vincent Spence,james38@example.net,antoniohess
Kyle Thomas,taylorsharon@example.net,cbutler
James Miller,stephanie12@example.net,jennifer45
Kelli Mcconnell DDS,john10@example.com,leverett
Bryan Cooper,gdavis@example.net,tammy74
Michelle Ware,scox@example.com,wmills
Ethan Carr,kphillips@example.com,brianlong
Matthew Sanchez,jenkinsjamie@example.com,walkerdebbie
Kimberly Williams,lucassierra@example.org,jilliangray
Kimberly Nunez,heidihuynh@example.net,hollypark
Tracy Meyer,thomas76@example.com,jacob22
Kristi Grant,glove@example.org,craig92
Bradley Hines,troberts@example.com,john18
Nathan Wright,thomaswanda@example.com,rosalesjesse
Mrs. Emily Cox,morganmarshall@example.org,davidtodd
Amanda Hernandez,shaynes@example.com,joseph09
Andrea Hernandez,ghill@example.net,greeneamanda
Crystal Douglas,upadilla@example.com,kellylynch
Brandon Hubbard,amandaross@example.net,ymccoy
Danny Burgess,stephen03@example.org,nancyedwards
Jennifer Strong,jacqueline75@example.org,dkane
Raymond Benton,currycharles@example.com,kmullen
Jacqueline Calhoun,cmarsh@example.net,georgejon
Diana Goodman,rebekahpowell@example.net,larry55
Paula Davis,ybrown@example.com,uortega
Christine Acosta,nancyanthony@example.net,brookenichols
Brad King,gonzalezveronica@example.net,alexanderlopez
Kristen Dawson,bvargas@example.net,robinrobinson
Steven Johnson,hamiltonlinda@example.net,thompsonaaron
Aaron Edwards,jakelin@example.com,torreskatherine
Dawn Gordon,wunderwood@example.com,james28
Jeffery Wilson,benjamin91@example.net,jacksonhumphrey
Joseph Hamilton,elizabethrogers@example.net,inash
Jason Wiggins,gomezbrandy@example.net,ryan80
Jill Kelly,sreyes@example.org,jennifergraves
Samantha Clark,rodriguezcassandra@example.com,dannyperez
Felicia Alvarez,thomas62@example.net,william20
Brittany Hahn,emma93@example.net,kellyyates
Michael Hester,jenniferkoch@example.org,gwilliams
George Ferguson,timothy18@example.com,jon51
Gerald Fuller,johnsonkimberly@example.org,scottjohn
Linda Jackson,lesliegregory@example.net,coxnathan
John Garcia Jr.,bellrichard@example.com,beckyford
Vanessa Smith,anthonybennett@example.net,zvega
Brian Jackson,hernandezamy@example.net,amy70
Lisa Holmes,harriskenneth@example.com,robert30
David Long,tina22@example.com,bryanadams
Barbara Lopez,anthonyho@example.net,howelljohn
Matthew Miller,jamesjohnson@example.com,brianking
Francisco Benson,higginsbrian@example.net,brian06
Makayla Adams,wayne08@example.com,marvin43
Kristin Brennan,hannah31@example.org,jwilliams
Colin Norris,stevenday@example.org,matthew86
Gwendolyn Moreno,jenniferspencer@example.net,christina90
Stephen Hoffman,conneralicia@example.org,beardbobby
Dennis Johnson,lisawilliams@example.net,crawfordandrew
Kayla Evans,harrisonhunter@example.com,james02
Benjamin Espinoza,allenjanet@example.com,richardfisher
Juan Owens,fhall@example.com,qrichard
Ethan Garrison,daniellecopeland@example.com,ptaylor
Tiffany Lopez,olivia09@example.net,hayeswilliam
Amanda Owen,justinrandall@example.net,kaylagentry
Christopher Wright,blackchristian@example.com,james12
Brenda Lutz,vpeterson@example.net,kenneth56
Phillip Lee,monicahardy@example.com,janice22
Michael Gomez,dawn03@example.org,kathy69
Sandra Ramsey,christianomar@example.com,jessica12
Melissa Peterson,cameron95@example.com,ryan38
Jeanette Jenkins,timothyboone@example.com,christine56
Ryan Wood,mike30@example.org,kennethcaldwell
Robert Gross,tarawoods@example.org,phayes
Michael Tate,adkinsmark@example.net,roger90
Brett Garza,pschwartz@example.net,brauntanya
Malik Moore,ssmith@example.net,danielsanthony
Mr. Matthew Jarvis,kent27@example.com,reidcathy
Sharon Harris,wayneorozco@example.com,davidforbes
James Walker,noah12@example.net,simonjeremy
Scott Walker,jesse12@example.net,johntapia
Maria Gates,nchavez@example.com,franklineric
Lisa Phillips,wisebrian@example.com,alyssaroman
Matthew Shaw,wilsonshannon@example.net,brett45
Joshua Clark,deleonkenneth@example.com,suarezjoshua
Ronald Thompson,jennifer72@example.com,robertsoncurtis
Rachel Gutierrez,troy84@example.org,ernest95
Patrick Henson,kerriwilliams@example.net,melanie09
Daniel Bush,catherinebenjamin@example.com,jcarlson
Lauren Baker,wilkersontoni@example.org,john30
Linda Brown,smithjessica@example.net,meredithjohnson
Jonathan Wright,johnsonjustin@example.net,hernandezgeorge
Shannon Martin,christophermurphy@example.com,adamsrobert
James Sanford,tina90@example.com,iwhite
Christopher Hernandez,erikamathews@example.org,janetmorgan
Lisa Wright,rebeccapalmer@example.net,kevinsnyder
Yolanda Bennett,cathy55@example.org,ksmith
Jared Mcintyre,wilsonandrew@example.net,allisonjohnson
Randall Alexander,albertreynolds@example.com,laurahenry
Caroline Morales,youngamanda@example.com,javier94
Joseph Landry,kingnicholas@example.net,ogill
Chad Grimes,flutz@example.com,acopeland
Julian Brock,kshaw@example.com,townsendnatalie
Jonathan George,ufields@example.org,joel39
Bryan Walker,jacksonjacob@example.org,katrina88
Nathan Houston,marshalljohn@example.com,alexandra74
Adam Rodriguez,frodriguez@example.com,erikasmith
Julie Parrish,carlos34@example.org,georgemitchell
Linda Wood,colton22@example.com,ericsmith
Gavin Gilbert,juliehill@example.org,robert75
Sandra Kennedy,sean93@example.net,loririchards
Eddie Ryan,courtneydalton@example.net,butlermichael
Brian Howard,heberteugene@example.com,harrisashley
Dr. Alexandra Palmer,wilsonpaul@example.org,joe37
Maria Daugherty,ryanhernandez@example.net,aliciagarcia
Gary Gray,christophermartinez@example.net,david26
