username,email,password
pojgqaxv,pojgqaxv@example.com,iRjtmrh3oact
wcpiazgm,wcpiazgm@example.com,n7YP0y4A2VQO
pbwyfqhw,pbwyfqhw@example.com,RkVreqgkgJEc
yufufexb,yufufexb@example.com,YD2hQ1YYPEx9
akyadyba,akyadyba@example.com,3gKpYUhvoCnP
aqxggxqt,aqxggxqt@example.com,7xL2gSFH8YXE
ueezjkoo,ueezjkoo@example.com,rDWUio9Rkzfr
ftovofmw,ftovofmw@example.com,CFdaChWdWmNv
mhwqogfj,mhwqogfj@example.com,OTpFhQjM3fyI
uldaoyse,uldaoyse@example.com,8KNhRd6Zeua8
grytscod,grytscod@example.com,yQLICASnWxee
qpcuyehc,qpcuyehc@example.com,Bfm6vL10yu8a
bzahdlyq,bzahdlyq@example.com,h9NzpJ13F0wN
mvenmmwf,mvenmmwf@example.com,u8N4KhdGPOdJ
vyfesdyk,vyfesdyk@example.com,Ja6iyPH6RK5s
xcbbfckt,xcbbfckt@example.com,Aq9o9MuUHINZ
kflojiin,kflojiin@example.com,8tstAjpLuT9T
ltpyxrrw,ltpyxrrw@example.com,DiAZw0Wi8cgz
gjlsdhyu,gjlsdhyu@example.com,10RuQJjbwUTv
gcwltntn,gcwltntn@example.com,I4Z4RbvIKHMJ
ptlzempy,ptlzempy@example.com,yJAS6XTDEEAH
curaujdb,curaujdb@example.com,vXganRz2jRf1
pjqzcfrv,pjqzcfrv@example.com,KYHEmqEU963a
lmpgejoc,lmpgejoc@example.com,OtyIgjxeZ16f
yxnppmbm,yxnppmbm@example.com,lIavnhq3i4AW
tflgrrwj,tflgrrwj@example.com,d0wkMHa6QP6F
kzsrqqwu,kzsrqqwu@example.com,cpPAgAqYHVNw
lgsrhwly,lgsrhwly@example.com,AsVcEaZS2uHI
rdamcgti,rdamcgti@example.com,U8vbE5qhSeCl
jihaahst,jihaahst@example.com,m9s39At8Olck
cevwrlzk,cevwrlzk@example.com,mq0a0aRh514Y
twavzars,twavzars@example.com,ljT2CWsWfkzO
dimckwki,dimckwki@example.com,3733QlzztiAw
dwuttwnb,dwuttwnb@example.com,rZ7nfJXdysP8
uedvuzrx,uedvuzrx@example.com,uKhDUYGfi9Bf
rjdaxelv,rjdaxelv@example.com,opFOSdsTUTnN
lenqncnr,lenqncnr@example.com,AuxwQzjh1ZZn
aaovemuq,aaovemuq@example.com,rN0FM8sAkESY
xckgyswd,xckgyswd@example.com,BCe583LWTdiG
yuhwdxyo,yuhwdxyo@example.com,aUlKQE4L3DfJ
hpczwlsb,hpczwlsb@example.com,0WwNWZiNoIkI
yyrqvxsb,yyrqvxsb@example.com,4mbm1vLSVJx6
wbgsjdrr,wbgsjdrr@example.com,EHVxlYOdvYmu
ucaskjct,ucaskjct@example.com,U7rJewfFrcuZ
qgqxriar,qgqxriar@example.com,YQVYPoum6f9Y
lwtxuukl,lwtxuukl@example.com,ZgQunm2O6nZi
ngwnrfcw,ngwnrfcw@example.com,v1chxhtAfEOQ
yukbvsfw,yukbvsfw@example.com,MxCgvINeUjuS
okdlmvcz,okdlmvcz@example.com,c4y4TCtIjpFY
aipzzkhr,aipzzkhr@example.com,w9NWHjXexiog
fzoqqrwp,fzoqqrwp@example.com,LCKxdofgbsLN
jcflmezc,jcflmezc@example.com,Lz2hPVfC98pV
syjkfjdb,syjkfjdb@example.com,lez8VIZmiuBz
ncyxpynw,ncyxpynw@example.com,NPtEEhx7JyBg
gpqyheeu,gpqyheeu@example.com,RkOaiwbLR6Jo
jimexxmf,jimexxmf@example.com,uIAZqYGHSs2f
irogrcqm,irogrcqm@example.com,ydqA2Gn6ylfE
ydkvlyve,ydkvlyve@example.com,lP6nqwPrlb1y
eiazhjsf,eiazhjsf@example.com,3klfp8GeAZtK
lflmdyrh,lflmdyrh@example.com,E3V1Nj72zWY5
mtcmvzde,mtcmvzde@example.com,EXNgD1bmVBiN
cixjhkxn,cixjhkxn@example.com,wZb5lAsQNc0m
tjemlyei,tjemlyei@example.com,nKvxyNnjxehK
gduhglno,gduhglno@example.com,VA2gh2xygTUj
ykuffkrt,ykuffkrt@example.com,jT6uim3to4dP
yhbbykzv,yhbbykzv@example.com,B7a7RgIDf0Dc
thglbuba,thglbuba@example.com,Jpz8KMdtdpWa
ctzkhyvd,ctzkhyvd@example.com,9twlzDB4gKi0
kiimrqnz,kiimrqnz@example.com,qk9DDgJtGMge
tvtljuzt,tvtljuzt@example.com,zBkKvGqGLxPA
ixhzjime,ixhzjime@example.com,GuoLrdeWfJTG
qtjvegum,qtjvegum@example.com,tZI64IS83VUg
leuozimr,leuozimr@example.com,OD7Zbm732tWK
rmmqqknt,rmmqqknt@example.com,nrYKaxFTkyrE
uhdtrvlp,uhdtrvlp@example.com,ciGgFMYOsg8k
pdoovhql,pdoovhql@example.com,EkspcCEVP0iF
uadrcobh,uadrcobh@example.com,srtBOagdGBvB
mpwwpyvd,mpwwpyvd@example.com,I1KRvPkuB5yK
axuxaokb,axuxaokb@example.com,wiYi5G4KB7HU
eqojllqd,eqojllqd@example.com,K8yZOJIns2tM
stokqaff,stokqaff@example.com,wIgTCTTmDUWa
ipwiyrkr,ipwiyrkr@example.com,zFBpq7pltnfO
lazuecnt,lazuecnt@example.com,sCuIocHuLsEO
yjlwgudm,yjlwgudm@example.com,9dEKJwFSBpCh
miadgeep,miadgeep@example.com,ViziVF0tseG9
wyfzmfpv,wyfzmfpv@example.com,hnr52fm4QnUD
zflxjrik,zflxjrik@example.com,RrU0CBgILkiI
gcmyaubp,gcmyaubp@example.com,k5K6sBDCcBSx
qfdpagpx,qfdpagpx@example.com,VSSSrRgPkKWt
uxloaifp,uxloaifp@example.com,y0k0sL77VjKi
vhjacjvx,vhjacjvx@example.com,NSve2XjNCJor
xqlxkwgh,xqlxkwgh@example.com,cKbVeU6tFIAa
navcupuf,navcupuf@example.com,Tq3TuubB9Vhn
pzgccglh,pzgccglh@example.com,IsLYKXGyslzr
hjmhmmpr,hjmhmmpr@example.com,TSsc60bpkUX0
ulnqafgm,ulnqafgm@example.com,1cXhfHxEM1re
vsqlpfyv,vsqlpfyv@example.com,2YaDyxrLYYuI
zjgctmzb,zjgctmzb@example.com,gh6oKugu9Q0q
koneuopc,koneuopc@example.com,hVyXUZqytL3j
ebvttymz,ebvttymz@example.com,JxpIb9ZvRCJp
lqlkedgv,lqlkedgv@example.com,3p7j12kBgAj2
karhuvko,karhuvko@example.com,OtzVOAhlwbCp
nryebxaq,nryebxaq@example.com,fN9EtR6aslhY
dlodixzn,dlodixzn@example.com,LDtACqFoEc1t
eiddeyjp,eiddeyjp@example.com,gIEItd4Rcugj
fjckfhsp,fjckfhsp@example.com,NTIdUj9EGuAH
zhiacazg,zhiacazg@example.com,AUUnOo6gxdVN
mzrlzfai,mzrlzfai@example.com,9hJ1mSNcmjdS
awseqwnk,awseqwnk@example.com,bvxtCakXP7hn
hzajmnjq,hzajmnjq@example.com,iMapZkJIo7nF
xlcphsxf,xlcphsxf@example.com,v1SoILG0wBJ9
qefzdcju,qefzdcju@example.com,eB3HgAU8nASB
yumyqjhg,yumyqjhg@example.com,T72QDAn4Y5QM
xkxbmtyl,xkxbmtyl@example.com,ztraI1U6x4cP
iluoqspd,iluoqspd@example.com,xWPhDT6FuAA9
qpzxrokx,qpzxrokx@example.com,ELueJSHLOg4P
cwsebjmz,cwsebjmz@example.com,FkPWHAp7dQdm
mkdlnyoe,mkdlnyoe@example.com,hljEQxFgaSwP
hftheqrc,hftheqrc@example.com,OHr2Na73JXmY
phhbwsdb,phhbwsdb@example.com,h5u5mKK8RrRM
ujzydftm,ujzydftm@example.com,iSIEQnwnAs4C
oqyaglce,oqyaglce@example.com,9bZv3V01vijh
qenqschg,qenqschg@example.com,J85AmTYS51JN
nmzeuiqg,nmzeuiqg@example.com,vFx5oTYyzojm
fysrcjkp,fysrcjkp@example.com,INEDoHu1SEFU
tfxwesoq,tfxwesoq@example.com,nxRDVhbQDu98
coaabjks,coaabjks@example.com,toipAiNbqwYh
bwbeeauk,bwbeeauk@example.com,lmOK5Zc36312
xzwnwfww,xzwnwfww@example.com,699vwcwthJpX
hnxtbcof,hnxtbcof@example.com,geTk98NJm6kQ
jxwskylt,jxwskylt@example.com,ENLYTeKOcU6k
xgyedugc,xgyedugc@example.com,2HwvundaDebJ
neclojzt,neclojzt@example.com,HbPoqZjoGuEG
bhflbrlb,bhflbrlb@example.com,DuXOZenfVxDk
pvakxytp,pvakxytp@example.com,glSdgVnYpi1c
rszfsurm,rszfsurm@example.com,E08uvlojjOXq
asfdsvgw,asfdsvgw@example.com,WX5zZo0dNBvk
wpcdvmqv,wpcdvmqv@example.com,WjOyAbEnCeR4
ihwjvofe,ihwjvofe@example.com,EcGUXPe5bYvj
uxovthpp,uxovthpp@example.com,J8vG2n0lasDr
tueupnex,tueupnex@example.com,AnVsJGjRQzFl
yggkjscg,yggkjscg@example.com,OTF8n7Jwql1P
ytwvlfdt,ytwvlfdt@example.com,yEL0cIXHlRKF
kckvclao,kckvclao@example.com,2Ts9WXAUqEqF
uxyftkjf,uxyftkjf@example.com,df6R6TPCCiLY
htaainvb,htaainvb@example.com,cm32mXu54fvF
nhdedllo,nhdedllo@example.com,SA5HgNdTXodp
wbgkifbz,wbgkifbz@example.com,Vu1L21kubqv0
vmvezvcp,vmvezvcp@example.com,XhqC6fHddIpd
evbddiqy,evbddiqy@example.com,mSKP8CSEYYHL
uucvgjit,uucvgjit@example.com,z8vj7jlYdsCI
eglmyzre,eglmyzre@example.com,kXRvDT6NG2Ba
wzvhotgb,wzvhotgb@example.com,VO4RywQBoqGC
mfqqhkbr,mfqqhkbr@example.com,OfoeSwO2bFBP
gggupdcf,gggupdcf@example.com,x74tUIbUJM5j
elxqegeo,elxqegeo@example.com,X969gNxIS7mv
agwoqmdw,agwoqmdw@example.com,rifIbmzeydzc
ejbbqzxw,ejbbqzxw@example.com,wvl0rwbdd5UN
fbquhvwr,fbquhvwr@example.com,tc6jLiXQdk8q
fdjyiigr,fdjyiigr@example.com,9sqhBDXojnmd
eraoztza,eraoztza@example.com,52p9g17anpcH
apugyhsn,apugyhsn@example.com,0afhQtK7dlDv
xddfvpsu,xddfvpsu@example.com,tcIpgrjhe6nr
ehwyhspo,ehwyhspo@example.com,2FLk0c70CaW0
dnjmocsj,dnjmocsj@example.com,zNF1FsAUWrsj
jvajuguk,jvajuguk@example.com,NYPpYt38VxxP
etokywon,etokywon@example.com,o35apU64h1N2
sfbjfejd,sfbjfejd@example.com,cHqKDbM2TXoB
zzdbvlzo,zzdbvlzo@example.com,JARr5vcwBbBo
ovymjutq,ovymjutq@example.com,Dikz0QPWmh2l
jyfngvdn,jyfngvdn@example.com,b8NC3hv0fjZx
tlicqoda,tlicqoda@example.com,u6qeQNPax1ZB
biwadcnc,biwadcnc@example.com,E1W0wgE4KGms
golekzhb,golekzhb@example.com,B4OQMPVyKKL2
aqnyizsv,aqnyizsv@example.com,B34oX8PCIFwc
czcvtdsa,czcvtdsa@example.com,YiWWvSltqujy
rfdtdoah,rfdtdoah@example.com,AtdZVqaJmGe5
hkkrkjbv,hkkrkjbv@example.com,oprAaejX5vUS
djywtjtj,djywtjtj@example.com,eyiXhNhL3LM3
njktihrh,njktihrh@example.com,zUU4CADgNV7Y
tjqsjslg,tjqsjslg@example.com,EJIR78NCQ4Lb
mjussfqo,mjussfqo@example.com,PDmjHczTJBJS
edjesgkl,edjesgkl@example.com,HSJ7A0Q6YN8Q
daxzugkw,daxzugkw@example.com,sTtRtJ9X8YXV
rypgxmno,rypgxmno@example.com,Iw8tvzx4JLzL
fngccnba,fngccnba@example.com,YmemNLPY23LO
xxmndqtq,xxmndqtq@example.com,YJ771rHJSjmt
vduoblap,vduoblap@example.com,2kDWo3pHkCEi
lpdlsgtm,lpdlsgtm@example.com,0hc9wkeqymqS
mjbabbkn,mjbabbkn@example.com,O36yeDnvnHVZ
ahneeeyv,ahneeeyv@example.com,nNWl7JwThAA2
zvqeqfvo,zvqeqfvo@example.com,NTgz301o0fDH
xeqrvzjd,xeqrvzjd@example.com,nHakBJaRa1DX
awlurure,awlurure@example.com,yBGOylatVmVE
dqbnitnj,dqbnitnj@example.com,Qnx2DB70wtIf
pvdlrwlt,pvdlrwlt@example.com,MbiJ5pPyLWXy
buhkcmlz,buhkcmlz@example.com,riwYwXOS6r4L
evwnlywr,evwnlywr@example.com,U4Q1IVFSDPUx
mxthucxy,mxthucxy@example.com,t9NcPtgZneJ9
rqycydsa,rqycydsa@example.com,Z8nHKkeH85Uo
ieugfrkf,ieugfrkf@example.com,68x699xZJzFS
hqwyvebo,hqwyvebo@example.com,NNjgJgVpumgF
xiqxcqcu,xiqxcqcu@example.com,p99dNZX2BJYs
kgspuqhu,kgspuqhu@example.com,pLgJIfFCOiaW
xawpqwvr,xawpqwvr@example.com,1xtbEon0yIWV
orcvrdlc,orcvrdlc@example.com,q2GZOyPt8v6Y
jlnbgfwt,jlnbgfwt@example.com,EJK6efZ426dh
ugdyzwbm,ugdyzwbm@example.com,nJWdTOIOXXox
pppbbqpl,pppbbqpl@example.com,Ez1xJ5lLFZ9u
oxkswrja,oxkswrja@example.com,ym9ktQwM8ca7
huvwkgdq,huvwkgdq@example.com,illujD2Kqbtf
xpptdqlu,xpptdqlu@example.com,4p2Gkof8hn0B
bxpnugtx,bxpnugtx@example.com,LRIrpIKazUxI
cpmnnfup,cpmnnfup@example.com,1KXGYdRDkNh0
beztqctl,beztqctl@example.com,B7rJQbtUCyoE
otowhaom,otowhaom@example.com,3BJnFa8h3VIe
csabvmfc,csabvmfc@example.com,ZjuVuKSHKm7w
izqedbfa,izqedbfa@example.com,WvixKNw3QqFq
zkwsyjte,zkwsyjte@example.com,N8kpB1QXWtYd
mjkhvawo,mjkhvawo@example.com,bE6Nl92Crb5Z
qflrifwk,qflrifwk@example.com,41LAAzU1l6Uu
enflbzze,enflbzze@example.com,RWXmvfp7Rka7
ibxedefw,ibxedefw@example.com,91TBUEZ61ui5
gmcfoxng,gmcfoxng@example.com,o2u4xrFEGYV9
wurpunai,wurpunai@example.com,r3SUt4NrDv35
ovoidpqd,ovoidpqd@example.com,KisC6nOjullA
jmeqvtax,jmeqvtax@example.com,7vXQcnRdidwH
mrghlaew,mrghlaew@example.com,3OeKb2UGJp22
wuwmxrsg,wuwmxrsg@example.com,T3I00sHxefto
cnqmcqqr,cnqmcqqr@example.com,0D4LjoiZ1g0Y
gxexjwfb,gxexjwfb@example.com,soEVjkbkWQCd
vyjaceye,vyjaceye@example.com,0yMYzfnweh6X
ntmkrage,ntmkrage@example.com,WXYIXCVSQgV3
juqdezrh,juqdezrh@example.com,YSWJl6NW7QKd
frphvqyz,frphvqyz@example.com,9qnGX3ZvlgPF
cfipmdxw,cfipmdxw@example.com,y0FKL69ob7t3
celuepyk,celuepyk@example.com,ddjHYwwVYdmj
wnnpvaco,wnnpvaco@example.com,vrURXtbxyaLI
myvctjpq,myvctjpq@example.com,ouo0CAh22Wzr
vkwlypta,vkwlypta@example.com,1t5UM57CJFuM
fpsrdkga,fpsrdkga@example.com,ty099MObXeCk
krcadiin,krcadiin@example.com,rUzFw6TBilpM
shhyfehs,shhyfehs@example.com,J1Q8vPJcOiEZ
glyjzgak,glyjzgak@example.com,HISVnuNrJAZo
ofpdzasm,ofpdzasm@example.com,Dqo0X6OieuMv
fqnqedlj,fqnqedlj@example.com,3eodtDvZh1Qs
xvjockmh,xvjockmh@example.com,hr69qgMhawFg
hjisxlhp,hjisxlhp@example.com,wndFAIL6tXe9
fbsqhctp,fbsqhctp@example.com,b1i8fdsy0m42
zohlpwdx,zohlpwdx@example.com,NUmhVmFMoyKu
hvkzhgkr,hvkzhgkr@example.com,LQ8zdELKxsvx
yskcctye,yskcctye@example.com,t7pOvevSwVVb
wbrpgfgo,wbrpgfgo@example.com,qCPYYQLVgaTM
ommlgzqe,ommlgzqe@example.com,wd5fHYcjtL2m
kdayjsjx,kdayjsjx@example.com,ff12k7LfvFcM
cdqpetam,cdqpetam@example.com,pHXsdqPabjKO
jrmvzwhu,jrmvzwhu@example.com,4a17MAVrTFQI
dwvxczkf,dwvxczkf@example.com,laIF91ztbcbs
nfopiaoq,nfopiaoq@example.com,VCIHdCYDuYQ3
ojhcnyms,ojhcnyms@example.com,9Tys83eLmh6t
jbparmif,jbparmif@example.com,v3apqN93WZZP
dqkaypfp,dqkaypfp@example.com,NK4pfLnrPsuu
lkzayzeo,lkzayzeo@example.com,DtoEAC9OpbhJ
nddayvju,nddayvju@example.com,v5eGxGcvbpUU
razwqhon,razwqhon@example.com,Xg8kk4aVHlVz
vnlfzpiw,vnlfzpiw@example.com,5dRCQJo4iEmi
wrejeydf,wrejeydf@example.com,Y9VC7kB7NeMt
saesexit,saesexit@example.com,lnToukHR1EXP
nsrxaarm,nsrxaarm@example.com,AfHCPuT6iIZr
azcjcdfm,azcjcdfm@example.com,i3MFCSY9rNYZ
lrzenssp,lrzenssp@example.com,6tKqNLInMRnL
cjvwunfe,cjvwunfe@example.com,dakUInTW4sy2
nwqanmsl,nwqanmsl@example.com,GII1OblMlLzc
jzthczza,jzthczza@example.com,ccPm3fpDkejY
kuqnizge,kuqnizge@example.com,I2c8NPxPp1zc
zbzwyqpg,zbzwyqpg@example.com,4NW2ECizeOZV
nlksixsn,nlksixsn@example.com,z7yTiXyOmgCa
anoyvlut,anoyvlut@example.com,3EXvSVgLow4A
wevnzwyw,wevnzwyw@example.com,alt85M4bmzfq
qqvulqnd,qqvulqnd@example.com,sSBtIKdCBx3K
favqmlul,favqmlul@example.com,abw3q1FsLWX1
gcrvyxhz,gcrvyxhz@example.com,0Bu4gvJG6MA6
vujhezkd,vujhezkd@example.com,B7jYCdMevmG9
dqwxjink,dqwxjink@example.com,RgpbRjCLAU87
yhwilvvs,yhwilvvs@example.com,F7vwoCR20bbi
hsnrdzpg,hsnrdzpg@example.com,Tfrkb0pKkqdA
mgqffbgl,mgqffbgl@example.com,DLlLycLBdlrZ
lalhnihc,lalhnihc@example.com,gHQfVpguruNX
hzskdqst,hzskdqst@example.com,FF6CgwCYqI4t
fzqekzom,fzqekzom@example.com,KLRn2SrIaCVL
lhlusrlf,lhlusrlf@example.com,48G6pjSdQrl5
ynvrqfah,ynvrqfah@example.com,rmr1PceGYoio
kwmwemfs,kwmwemfs@example.com,YUJ6QcNXVhJH
ahxrsggb,ahxrsggb@example.com,R7CDxRRrnZio
kcysmwmb,kcysmwmb@example.com,IPaIG94OcD8N
pmsmnivt,pmsmnivt@example.com,vmxiOGgL8QTy
rybuwuvm,rybuwuvm@example.com,h5lTaANkToxj
itucoeof,itucoeof@example.com,5Leh9Yrq2xii
qkjpliiy,qkjpliiy@example.com,OJmoR41EqJQG
atdxuvrr,atdxuvrr@example.com,uQQcXkO4htNe
tuxcrtym,tuxcrtym@example.com,x8nNXVwD8dx5
knyuembp,knyuembp@example.com,D0q1GvhM1MCw
yqoisesv,yqoisesv@example.com,F71KElg6n8Rm
sajzeydm,sajzeydm@example.com,wcXWT15RLAqh
dzlxxnkq,dzlxxnkq@example.com,NTlypjKPjHLE
krafottt,krafottt@example.com,X9vq5QxxfpHt
bddezwie,bddezwie@example.com,39ROkYJ8FE59
fovvidwv,fovvidwv@example.com,1yzd8LJI9784
rdtkxhsd,rdtkxhsd@example.com,B4Eah1G2fcsa
drfcdpsq,drfcdpsq@example.com,53cIOtCiksDQ
awkaqadw,awkaqadw@example.com,rgt40v70Jaoc
uxdrqezc,uxdrqezc@example.com,kANShhCFoH7c
cwuiispv,cwuiispv@example.com,tQLNKgqtfj9a
unbnvwwv,unbnvwwv@example.com,gGO36YAVIQxl
njpuapcl,njpuapcl@example.com,gljre0N6lrNy
vxuxdufc,vxuxdufc@example.com,ZZW1jplX7MGy
uehrhdrn,uehrhdrn@example.com,TqIS7M53Ef7t
lbghksve,lbghksve@example.com,nxH4g7XlRDbJ
boxzsbou,boxzsbou@example.com,6xHLCvTMpFWK
wzalmgsh,wzalmgsh@example.com,fu0MkYdcMMtP
stjzipjm,stjzipjm@example.com,6iBvO3TeEfiA
jhiathcn,jhiathcn@example.com,tlnu7C8KRnZK
sqnzclcs,sqnzclcs@example.com,kzxgZ1K7t3fk
zawniaam,zawniaam@example.com,6iH6TcEy0reK
meqttjuo,meqttjuo@example.com,nAa3Tu4leOYm
hijacfuu,hijacfuu@example.com,P07IXEkgOPuP
bvknypmx,bvknypmx@example.com,YnQSrNfkt5iZ
yvhnucdk,yvhnucdk@example.com,aRFqI0ofQu7Q
ojqqcppj,ojqqcppj@example.com,AUe2PFmW8Xds
ayvbfeos,ayvbfeos@example.com,mFvFgbnKuerB
xjbcxadn,xjbcxadn@example.com,FLtfgigAMTqc
uvwmmzce,uvwmmzce@example.com,eYSL3KwuIlD5
xmjgrozd,xmjgrozd@example.com,smUGakWtrLhe
gcvvsiyd,gcvvsiyd@example.com,KjRFkeobAKdM
ygffgadm,ygffgadm@example.com,CyCKBHZBB8kb
vwgdcilv,vwgdcilv@example.com,l7j90bmnyvMZ
rdrziwjm,rdrziwjm@example.com,K1G7FDB7XqeW
srifrlps,srifrlps@example.com,SNvxjhKYJTHc
ruvoeaem,ruvoeaem@example.com,X3bllkP64c98
szfoqgdv,szfoqgdv@example.com,E91zx1jTeLDi
mmqobntu,mmqobntu@example.com,xmzWPTc9xaQa
rylondeq,rylondeq@example.com,7PdUeVp5z9Ip
qstaoexo,qstaoexo@example.com,QuenSM8jZpEn
xtmswcro,xtmswcro@example.com,tQtTBBVRXLHM
vkiliqcr,vkiliqcr@example.com,vIYMailbu7ax
etsncpgf,etsncpgf@example.com,TseTvbOTApcS
qqagwtyp,qqagwtyp@example.com,2krRvWtWSGJ8
hidsubrx,hidsubrx@example.com,Gf1oVAb7Mec9
pwjwyapx,pwjwyapx@example.com,TBwfd0CJjQfF
tnurzmbo,tnurzmbo@example.com,m7Cx1xiiOPJf
tbtfbela,tbtfbela@example.com,KS84Vcu3ZRxP
mszcvvgz,mszcvvgz@example.com,NouLgyTUjY2R
rdhplwsa,rdhplwsa@example.com,GcJ7u55RUrQI
wnvfajfk,wnvfajfk@example.com,1f8KATnVOCCc
iaghuydq,iaghuydq@example.com,vvmmHPEeRiBy
wtedsfls,wtedsfls@example.com,RJJHPyiXAJg2
ietivjdt,ietivjdt@example.com,yRlC0J6cZ1O5
wixgqkif,wixgqkif@example.com,gAs9ffiNaIaM
ljtpxmkp,ljtpxmkp@example.com,CD6KQXYIKtaA
bcvzacqq,bcvzacqq@example.com,7LXHXlTNCiek
rljignor,rljignor@example.com,DOghdnfCdTIh
asvorunr,asvorunr@example.com,RKqWT6Au9IYa
tywazonp,tywazonp@example.com,c3Lnnt8GlDSs
xjmayilz,xjmayilz@example.com,wh8hD06S5R0T
yfcnkrze,yfcnkrze@example.com,sNkMVdRLEOzz
iybtimjx,iybtimjx@example.com,o4UulvGsG0iH
ivemcpnp,ivemcpnp@example.com,Ff7tAhj2kwQ4
djorcavc,djorcavc@example.com,GPXdQs7gXcvg
wvminimu,wvminimu@example.com,iImVHhddq4Ri
fimfbjsn,fimfbjsn@example.com,9hzRJI7D1pu8
ymhxfmmx,ymhxfmmx@example.com,7gUFuRkdjAT2
sycksybv,sycksybv@example.com,WKsIqsmHPY3x
sprzbddl,sprzbddl@example.com,zUTpcxXMha2c
uqijmucy,uqijmucy@example.com,4kcpfwOCV8kc
mmxatpba,mmxatpba@example.com,7QC22aNjKYhS
pfavaubq,pfavaubq@example.com,Qw4FqmIWC0c6
yhzyjvqp,yhzyjvqp@example.com,pgqUydPYdOWR
gakujmxr,gakujmxr@example.com,yA4llDqLbBCy
wjfyewjx,wjfyewjx@example.com,DHFAjUFDsnMH
ztmvzant,ztmvzant@example.com,dndDZnvRf0Ut
bmytmpyk,bmytmpyk@example.com,BNaMW0vw4gz7
quygstwy,quygstwy@example.com,scmEBdHCngeg
pllbgzof,pllbgzof@example.com,0ajw95eSQPdN
xagflcda,xagflcda@example.com,3iffLePU5dtO
caridmvv,caridmvv@example.com,l6sYHhI8jl0u
hasobpwd,hasobpwd@example.com,v1hVj3BUjG14
eusdqziv,eusdqziv@example.com,RgzBUHPaq82S
xykegtbp,xykegtbp@example.com,0ZVnRsYiBjMk
uomoscfc,uomoscfc@example.com,kiS3b7U26fvY
zczofwzw,zczofwzw@example.com,HM1vwkBGbR5p
xruehysv,xruehysv@example.com,fzSbE2DHJpm3
gsmbbfak,gsmbbfak@example.com,5cWw61osBeOZ
owinomom,owinomom@example.com,5UA2AVaunENU
ipjprwma,ipjprwma@example.com,25A8IbokXPkU
ganvdgtg,ganvdgtg@example.com,TdQ9aO72Hqzc
uutdbmse,uutdbmse@example.com,qxzXISK0z4JC
eqaehvun,eqaehvun@example.com,vOBBLvvXZdjY
bjfgepna,bjfgepna@example.com,6NOEqx5MSA0V
uqeyrgtb,uqeyrgtb@example.com,dmMAOalUtPBU
gkqwytlh,gkqwytlh@example.com,LLXS93GJuwGf
puqoxpkr,puqoxpkr@example.com,Ln5EtkIWcbgg
irejtmyu,irejtmyu@example.com,1AM2UFmF2qBi
hhbybklc,hhbybklc@example.com,CAaxg9tnCPAT
ehimupdz,ehimupdz@example.com,wNM2XX9IL9ry
frgxqubm,frgxqubm@example.com,0fK6w6rdFzvD
qwfcckjw,qwfcckjw@example.com,pKPgotP4YFNk
kojvqoph,kojvqoph@example.com,Nu6fM4tXW1SH
zzayulec,zzayulec@example.com,WOZkWHnQip9m
luxpkkwx,luxpkkwx@example.com,cwnRUSHEyaL4
booxmcuy,booxmcuy@example.com,rdEjVHPQ0mpi
vdukunuv,vdukunuv@example.com,1vs96auVjzNT
vrfecamd,vrfecamd@example.com,wrJ5U2HqPBMc
vazxbnvs,vazxbnvs@example.com,pQKgj2SnyYi3
guchrtiu,guchrtiu@example.com,6v7ckH2YPAsT
ghutlhrw,ghutlhrw@example.com,WyUVAuBraOY0
jylutqll,jylutqll@example.com,QVO12hagjOws
pvrsyntd,pvrsyntd@example.com,k1D035Gu9y0D
brnqsuin,brnqsuin@example.com,gilcKe423ubY
ryewwoas,ryewwoas@example.com,TjAO3J8ZCDQJ
cbwpegdr,cbwpegdr@example.com,hN9zkCIryVhq
rzjzmzjv,rzjzmzjv@example.com,D6RxFZxoux2Z
izkarmzt,izkarmzt@example.com,xBGcjyBpITx5
vtkiumcq,vtkiumcq@example.com,ZaW5XXgbGtfP
ywqhxyta,ywqhxyta@example.com,y0KotMJlZreq
ezghldpb,ezghldpb@example.com,tlNvFzD02p37
mujffhna,mujffhna@example.com,iiO50UKYSTWy
xwfysyyy,xwfysyyy@example.com,Oio5X7m5hfez
xlhjozxp,xlhjozxp@example.com,O2mK8h8UXFhx
jzpxqemh,jzpxqemh@example.com,pM6oFPN2tmZD
ichpfmiq,ichpfmiq@example.com,DO0bIPgroAZH
ftnsgcry,ftnsgcry@example.com,C3JdokuZuDG4
lxysqcfd,lxysqcfd@example.com,bQgYmgW5IOJH
curjvzjy,curjvzjy@example.com,9VFW3s7k6G4U
rmvalctp,rmvalctp@example.com,IOrinuGQxhje
kwshfxlq,kwshfxlq@example.com,CLOkcoS3oW5m
seprpgin,seprpgin@example.com,tVieuwqifjJG
fdiossfa,fdiossfa@example.com,Sxhcp5FvdBrR
cvarqzcr,cvarqzcr@example.com,epuTN2EMC54B
wkiawdjo,wkiawdjo@example.com,Ly6KK8d27Fgo
chcnicuf,chcnicuf@example.com,IXu6vdF9v87J
nxynbrhh,nxynbrhh@example.com,pmm4DOidoMWe
chnavfst,chnavfst@example.com,wW768U9bLGMP
hwwdedid,hwwdedid@example.com,Rm2uqrukzQJB
pytvqzyi,pytvqzyi@example.com,zjN06aMsKqks
hknmlodz,hknmlodz@example.com,4gKCHwK8xeED
fczyipcl,fczyipcl@example.com,JX0ssPt7h36v
ojxgfvcv,ojxgfvcv@example.com,BOAW9Bi5zWqO
vxedyfqt,vxedyfqt@example.com,2u75CQuOtjrA
fjjaclex,fjjaclex@example.com,uVIbBrLELPWN
qphgpamb,qphgpamb@example.com,fd5guZcqOpoI
hgwjbxpb,hgwjbxpb@example.com,dGC8UmH7hOqF
ofxdolwt,ofxdolwt@example.com,R4ZFEyYlLGGU
agazowfy,agazowfy@example.com,UqcSaTOMwrqo
waamyfsu,waamyfsu@example.com,bLLsyLNq9qPd
krzfoqnf,krzfoqnf@example.com,nVlJDRfVT8dC
jzjegcns,jzjegcns@example.com,VYT3RrDUAkXs
vagymqfu,vagymqfu@example.com,cMyamL4uffn0
nvtbogso,nvtbogso@example.com,Cm7kGglHMCV0
lmeazvbi,lmeazvbi@example.com,KGifWgICVfHO
gbfzvcsg,gbfzvcsg@example.com,t5dpLMGBuyCf
gqjvcioe,gqjvcioe@example.com,1LrH9Pjp5HsW
zrsirnvo,zrsirnvo@example.com,ervGFvsUVFBv
buqrroup,buqrroup@example.com,XfmnMVt24d81
jfrrshsi,jfrrshsi@example.com,rgIKmcMcQlmb
xgyteaji,xgyteaji@example.com,zQihzo2tCugS
jizbzndn,jizbzndn@example.com,Mg4FTXiucp6z
jrqncbmx,jrqncbmx@example.com,vRQSQWEU8lLY
zcmgwhyy,zcmgwhyy@example.com,ah2ttbZbgcrK
kpwtnnrb,kpwtnnrb@example.com,7lCex0dfBL3m
owopavya,owopavya@example.com,dIFjkRJgegMQ
ejitmpgp,ejitmpgp@example.com,cGYifxnzM423
nphahpcz,nphahpcz@example.com,7ErpERAbjLzh
tusocxwx,tusocxwx@example.com,nqvja8sv7hHc
jrokrsqa,jrokrsqa@example.com,h77mNxegfbGD
tqjfcrqq,tqjfcrqq@example.com,XZmjX8eKpOwy
gokzhjif,gokzhjif@example.com,0NKrKY5ne7Hn
pstrwlld,pstrwlld@example.com,U9gAtjh3iedZ
ykukeeba,ykukeeba@example.com,pJXhqIXMPYn6
ylqspimb,ylqspimb@example.com,mAq2s8knLMAL
iscacufz,iscacufz@example.com,lLu32vdlpj3J
wmyrfzbo,wmyrfzbo@example.com,hfYRmrmTFqPo
hfeykion,hfeykion@example.com,zzBHDhqudHME
pnlpokwc,pnlpokwc@example.com,y5JwGj0dX2qg
ilejtcbj,ilejtcbj@example.com,UI6RXc8tX7rI
yyajjcvt,yyajjcvt@example.com,ssPTxklFJdpa
jqrdtzgm,jqrdtzgm@example.com,dzUYws8YMHXT
enkhxnft,enkhxnft@example.com,cN8PlHXHC56h
qkroquwt,qkroquwt@example.com,Cji5wD9LBUAT
ovgconqv,ovgconqv@example.com,0djp81S3ouFG
gjuwcxsu,gjuwcxsu@example.com,hLbgSmbubQGe
gvaltzto,gvaltzto@example.com,zru40eKdcpz9
ocmkggko,ocmkggko@example.com,IMe47bZQEd0J
rqfdqyrw,rqfdqyrw@example.com,JGz0kXCwAvTk
slgxengq,slgxengq@example.com,vOFHlFZh884y
bhcrsmcz,bhcrsmcz@example.com,AzHXt9I8ih6h
umxnslsy,umxnslsy@example.com,RKhcyfNgv43f
vrxfqzmg,vrxfqzmg@example.com,UCyLHIh41BGD
nznltkwx,nznltkwx@example.com,a9ndbgHwUubF
mjayktpj,mjayktpj@example.com,qDW6VUVpLJow
ubtxqegy,ubtxqegy@example.com,d11cFtgFIEjZ
uaeglvne,uaeglvne@example.com,W5ynZ4rv3FBY
chhzriib,chhzriib@example.com,l8rjqorsLpXH
qosneqby,qosneqby@example.com,8XeaxIbHx0BH
lvolfrey,lvolfrey@example.com,17ype7tazxFc
hcsvualn,hcsvualn@example.com,GjLPqR98C32p
vxptiwmp,vxptiwmp@example.com,2AHj82BV8EYO
zjbiqreo,zjbiqreo@example.com,RyoHJqLBFBUN
lnmnwslj,lnmnwslj@example.com,0Lj1fAJ9oXqx
vbtowzua,vbtowzua@example.com,TDqDfAbpJtee
bozlobjc,bozlobjc@example.com,WBedsV4h1P6A
qjnjczid,qjnjczid@example.com,dO26rxdK8Rhy
qsectmyi,qsectmyi@example.com,kTo9q3yF0fYw
tubrqtjp,tubrqtjp@example.com,mRkU6wiq9oUU
obaclyrn,obaclyrn@example.com,0qjdq0cLaNQk
famdsucj,famdsucj@example.com,11VHq2kRrmuJ
qqzolvjk,qqzolvjk@example.com,TrCLIR0kTQq2
iawuhpzd,iawuhpzd@example.com,GtvcTkAyl886
hqcdupry,hqcdupry@example.com,gaLyp5QQjOuw
mxlukvmi,mxlukvmi@example.com,ynXeI650BQNn
fhphgloi,fhphgloi@example.com,hsSfWGN0eRAs
soazilre,soazilre@example.com,DfjWvzrUJEKx
oaoiuoen,oaoiuoen@example.com,4zAwpGmLhlaL
pgqrdzvg,pgqrdzvg@example.com,h19caPFw9gmB
zzidiivj,zzidiivj@example.com,ORRF0yuyqI9T
hvkimwjm,hvkimwjm@example.com,HzGaNyQFz8Hx
eybtowkf,eybtowkf@example.com,UFxJJ8yuktFs
xuwkcsbh,xuwkcsbh@example.com,xJqplWwXDoMn
fcqumwrp,fcqumwrp@example.com,avQeFuJK8OwV
ippartfb,ippartfb@example.com,ywYgztOzDU5t
bhzixvlf,bhzixvlf@example.com,jB403caTtXZ3
hjerpgfc,hjerpgfc@example.com,uBVwVc4skY0I
qovsfyym,qovsfyym@example.com,IS09Maqx5ryL
rlhfphqp,rlhfphqp@example.com,W4BhIuLcbSDW
aeelnaop,aeelnaop@example.com,Sden9tPJsmw0
zjbdihec,zjbdihec@example.com,Ed88fBqmScHy
tyckqnkg,tyckqnkg@example.com,BFqAh8IdaxNg
ejknilhh,ejknilhh@example.com,pcLEbEaMnVhI
sajuqbob,sajuqbob@example.com,2FtSY1zbmOd1
znbsggut,znbsggut@example.com,7erXqQQcOjqY
lststukq,lststukq@example.com,qZzXeMtG9Ky2
yjjdiway,yjjdiway@example.com,AU7iSH4f4Qc4
xtjxqpjr,xtjxqpjr@example.com,QPAoW4WFbaEj
homvmgep,homvmgep@example.com,t32JHJMARq18
wbqqlgrt,wbqqlgrt@example.com,DSkGrXoZBI0K
hkeusvqk,hkeusvqk@example.com,vzcZd9VK8lmS
viyjsklk,viyjsklk@example.com,XKIl0avRfA82
dbogmgtn,dbogmgtn@example.com,Ai0kzCf190WI
mwleofgp,mwleofgp@example.com,KtbEejcdxSX6
zooojkeq,zooojkeq@example.com,k4YzdteOj3wo
qlodgmcw,qlodgmcw@example.com,Jy1Y3656CRyj
zqvwgito,zqvwgito@example.com,sLWWgD7hQzEK
ggibwzma,ggibwzma@example.com,90JYzha4lwLi
rqwfbhra,rqwfbhra@example.com,4dtgIXfBcQ1e
fxngmijx,fxngmijx@example.com,u27txOIoKGXO
nrbhpigx,nrbhpigx@example.com,BvTAdcvaEZOi
xxrdwmrl,xxrdwmrl@example.com,ZyXEtlhrGw16
bwchxqnm,bwchxqnm@example.com,xt2Gzj4YiSmR
tzfpjgnl,tzfpjgnl@example.com,YcFgdESYn9U0
glghwibd,glghwibd@example.com,zxnlrlGFrMwn
ccruqxxl,ccruqxxl@example.com,w4V9fuIu3V4S
obsspetd,obsspetd@example.com,FUjrHAAVOdEO
ldihtgtb,ldihtgtb@example.com,oUSHPRaASj2v
fliljhba,fliljhba@example.com,VUqovQ39CAEW
yfwrbnql,yfwrbnql@example.com,iBcWKTDy5N2f
dfkkwtru,dfkkwtru@example.com,k1wqV3ry4gWx
ymtkxgck,ymtkxgck@example.com,c92KuGVababO
xkmerkjz,xkmerkjz@example.com,9OM3P8BeQSCM
pgwpwmoy,pgwpwmoy@example.com,iHOdJxTnoiy0
nffcwxof,nffcwxof@example.com,4Fq9fcyz2Ffn
njizdjyh,njizdjyh@example.com,l6C3aYJkmaGW
uulqlcsq,uulqlcsq@example.com,dQuy3hpO6DLc
xglfayir,xglfayir@example.com,nO3weaUJ8VPF
xmymsfus,xmymsfus@example.com,DUezljUQ3qIH
qobajxfj,qobajxfj@example.com,Nyn2qBR6qH3o
fmbrspqo,fmbrspqo@example.com,LmCmfA3FjReC
irafzgyh,irafzgyh@example.com,LGfGW42jPZLE
imwkghqt,imwkghqt@example.com,U96WPFQbuNBL
iosgzxac,iosgzxac@example.com,e5JMn4xrOh2g
nupmqagk,nupmqagk@example.com,P8FqsyNXLBqd
aagsjunw,aagsjunw@example.com,3BBmK8qGO3rg
ypukviny,ypukviny@example.com,xve2Dn1jgUlG
movzbxnc,movzbxnc@example.com,OYZub5mtgfkv
vukoxjnm,vukoxjnm@example.com,ou2ZKP3AuGYC
lezirgvr,lezirgvr@example.com,SMuEIoZxBWNU
ywabaaxh,ywabaaxh@example.com,noTSmcH3BRSC
nrtxkcoq,nrtxkcoq@example.com,Sl0Ns2fpIjmL
khxffqbs,khxffqbs@example.com,otxFsJnKsN9V
wxuotifb,wxuotifb@example.com,cvZJV3GLq67R
qrxurvtk,qrxurvtk@example.com,caikQDOPnv8D
goqgcbvm,goqgcbvm@example.com,5SNnkV11QO8D
sfkqmdbt,sfkqmdbt@example.com,vJq3VVpkaGEE
npeumtos,npeumtos@example.com,vBbkIZIPvhDq
wobxlaih,wobxlaih@example.com,9W6vfG8erLFs
alkpytff,alkpytff@example.com,yzlFn5yI6y3t
rxkioetv,rxkioetv@example.com,2kEc0irn20bS
pwcgyrqn,pwcgyrqn@example.com,4LxbNHi0nbvn
intbyjrn,intbyjrn@example.com,KrbejpdpddE2
rznacmdk,rznacmdk@example.com,KY6g0RuPdJIu
uwypswzi,uwypswzi@example.com,X9RWMbbHcHhv
xkhkqgqt,xkhkqgqt@example.com,fqxAQDgxRcXj
yvtbjdse,yvtbjdse@example.com,f0SyrOvxq9yv
otxnvhjd,otxnvhjd@example.com,LqCBstadOy3X
krmlsnef,krmlsnef@example.com,Jvdpyhcqjsur
xhrrzwaf,xhrrzwaf@example.com,LFhoU5Jk3ATW
zmirmaxd,zmirmaxd@example.com,yaPzEf4NBcLX
pqviprsc,pqviprsc@example.com,S32kmIrAORyL
djwgjtqx,djwgjtqx@example.com,FnRwOTHYOdg8
lmefsasz,lmefsasz@example.com,SXRFoCSAN8jN
kbnurglg,kbnurglg@example.com,AjVuXv0x6SpY
tlvwmqsr,tlvwmqsr@example.com,rGMCui7HaaSg
kigyvwqy,kigyvwqy@example.com,tkuAdYndnMQC
dispkczs,dispkczs@example.com,VdScsYhQbapB
kwbgsyac,kwbgsyac@example.com,CTED8Nq2fUJK
vmzzbnys,vmzzbnys@example.com,oWEpftryxO0O
ekicivju,ekicivju@example.com,j2M1lRVmcT82
obuyueyq,obuyueyq@example.com,TrbytYHqnrVX
affkjzfl,affkjzfl@example.com,OdH1lKrhwii0
qlyhgebm,qlyhgebm@example.com,jT4CXmx7mlAH
mhttcpcv,mhttcpcv@example.com,orArHNBnjqgu
etjilhvb,etjilhvb@example.com,ZYkMFHRy8TpB
keynhxam,keynhxam@example.com,42Nk9954Rooc
sxqidfaq,sxqidfaq@example.com,PLeQbA30vAf5
jurihucw,jurihucw@example.com,vOwf6Sd0hs1Z
zbzatvyn,zbzatvyn@example.com,eESuIhYnOJM6
mjnbjvkh,mjnbjvkh@example.com,GQoR0SoItIgD
mcldnjmw,mcldnjmw@example.com,YZbzqsxowzJc
uytbohzb,uytbohzb@example.com,5ge6YoYjmyXk
gwfphbyb,gwfphbyb@example.com,FnyzilyxhPZ5
zbcmeeld,zbcmeeld@example.com,GoxA9QoGqz6S
akiewbcx,akiewbcx@example.com,FdJg5qUKYlNw
xvcfwecb,xvcfwecb@example.com,kjjRYXXvB6ZG
tsagryev,tsagryev@example.com,le12bKI9Da8Z
cohuburp,cohuburp@example.com,5nnpzDW35tk1
xcwdghni,xcwdghni@example.com,uWWlBZ86eLCN
srpqufou,srpqufou@example.com,T624EOTLchFg
gfgbehma,gfgbehma@example.com,cKULH3pfhD6y
uxdwlfgj,uxdwlfgj@example.com,OVgFvgIZnzmO
iaagabzx,iaagabzx@example.com,9ZPV8na3ghIc
mvbqhakc,mvbqhakc@example.com,RUf5T5uShgQC
qhxttsxo,qhxttsxo@example.com,HlynJcq7bKBy
hdnlqqda,hdnlqqda@example.com,auhHB6UJE05q
ikiujkfj,ikiujkfj@example.com,xI8NTfSK3qtl
bzyfaazg,bzyfaazg@example.com,KHWPYeHQmYTg
aqeedjkq,aqeedjkq@example.com,TPdmL7eRLGXA
gkigvxgn,gkigvxgn@example.com,mzjss1qfHeb7
lbcqgdnl,lbcqgdnl@example.com,RBZuHocl2zp8
uleokcfu,uleokcfu@example.com,Vez8138RKGjp
pgimhxnm,pgimhxnm@example.com,hAogDPDM1b88
bbbalzoa,bbbalzoa@example.com,OapcZDiWBwOS
yopaqdgd,yopaqdgd@example.com,W4G655Sp9JNQ
zqxphhtr,zqxphhtr@example.com,GYMqFNoFJt2D
ffyobxnp,ffyobxnp@example.com,Pe580dlmzS1F
hafuimop,hafuimop@example.com,drhRpXurz6BV
cpkpiqwr,cpkpiqwr@example.com,SveG9j57rZYH
vzmzmtvq,vzmzmtvq@example.com,0gAujNxvsGKZ
cywplobl,cywplobl@example.com,veYc1kejOe2k
jkdwhszb,jkdwhszb@example.com,A53ST2f5MJyD
tfjhijkg,tfjhijkg@example.com,i4ZJ9dZUFuIr
gvrrwkhg,gvrrwkhg@example.com,ekK3kfeulZ0T
erbehtgi,erbehtgi@example.com,3oUYR3MT9rzA
hwbjgudt,hwbjgudt@example.com,PvUqkhpUZNwL
xsllmcxe,xsllmcxe@example.com,ksqltNEwi5Vi
dnutcmjk,dnutcmjk@example.com,WR1nK8EBbqX2
ammmvdvk,ammmvdvk@example.com,bOd5CxGDMQ8k
uvfeofuz,uvfeofuz@example.com,rQKh42Dl18jk
vtfhsenl,vtfhsenl@example.com,lPBo97jw4BMy
hckystgr,hckystgr@example.com,oJRS4BsqUISJ
jgtmazml,jgtmazml@example.com,ZvlQkisZ08YF
bzxmckkb,bzxmckkb@example.com,fmWJlOjYLMwM
pupskrgb,pupskrgb@example.com,a42tQCRGypW5
qprojwjl,qprojwjl@example.com,MJxBbkrLvaZF
druxcekl,druxcekl@example.com,WluHl0MT0fPD
dimoqhjg,dimoqhjg@example.com,hQnSkLgbn4nJ
gwcgakrm,gwcgakrm@example.com,0X6BplTYdWUR
pfxnmqip,pfxnmqip@example.com,Ni5BFBu2eeg6
oqueenip,oqueenip@example.com,sRV3Oxly2Exo
wyetkjta,wyetkjta@example.com,VQmuyRm3ZelN
lagvrvrt,lagvrvrt@example.com,si7r7S5y9Xer
uehlwcru,uehlwcru@example.com,JDze0j4SGXhQ
afrupacu,afrupacu@example.com,389iOabCbeBo
lcsoasxo,lcsoasxo@example.com,2xBxXerj6FA2
wnkgyxvd,wnkgyxvd@example.com,wRKfF21nyXHG
uggcavfo,uggcavfo@example.com,FG2H1U6cEf53
vtwraapf,vtwraapf@example.com,h5R4GpPIB0DL
qczkpjfh,qczkpjfh@example.com,1x3MtxKmgTvc
fzyioapk,fzyioapk@example.com,vjhWBa2cMBZs
iijjuesf,iijjuesf@example.com,pF4BtkBfBo1U
lunteekk,lunteekk@example.com,kkB1vSPfkEQW
xxadghvb,xxadghvb@example.com,nmcYrunThnEn
suaxjtgy,suaxjtgy@example.com,j97OxuzZ0F76
wutsuksu,wutsuksu@example.com,uqCbNt7dSHfX
xsuuazxh,xsuuazxh@example.com,vCyYiyx52gJg
nxdpbnvj,nxdpbnvj@example.com,218nzCwEjSXq
irjggaam,irjggaam@example.com,cH3GG4GDFVnZ
fjoardku,fjoardku@example.com,xRED8LYHtK1Q
rwpmpmzv,rwpmpmzv@example.com,sTlHTKEK0YE0
ixebmklf,ixebmklf@example.com,GHFTUJlcVOjX
gfmavpcl,gfmavpcl@example.com,d3Jhnoi3ozP4
utvmbwgj,utvmbwgj@example.com,ykm8vuBsUtIi
rhzcnfln,rhzcnfln@example.com,AdXnQEC0EFKU
kqckwgqq,kqckwgqq@example.com,6e67pPhrYYna
ttqmyhwf,ttqmyhwf@example.com,oKYVRlYPhLLv
qbhxevnt,qbhxevnt@example.com,dkfYOXXdt3xh
gnqseupu,gnqseupu@example.com,gE1yH9fcZosq
bndipwam,bndipwam@example.com,TfmP93zO7Es3
exjeoade,exjeoade@example.com,4SazRGFBiJCd
rstvzjpp,rstvzjpp@example.com,SNwbbjhU529v
jmcjxqjl,jmcjxqjl@example.com,2YaVtJSuH5bp
npoetivx,npoetivx@example.com,ca60qPHpAtSN
cbggfdiz,cbggfdiz@example.com,2OEQVGDYniP9
nsqwnyin,nsqwnyin@example.com,Gm62nLVgZUQD
reivizml,reivizml@example.com,TQpubOUTeWbz
uomjmhdn,uomjmhdn@example.com,f0g5XeZY0E5r
egguqmqn,egguqmqn@example.com,Rp3s0SpbeH4V
wlabzpfe,wlabzpfe@example.com,dFEYQYI9EZu4
kknufvmh,kknufvmh@example.com,SsFAFiVOZGZW
fbtwtltf,fbtwtltf@example.com,S3fL5XFJeYi1
frhddhip,frhddhip@example.com,fPbujBvU10zJ
omfuvcha,omfuvcha@example.com,ngkyBjs2ixdo
rmdqdsrv,rmdqdsrv@example.com,EzEn1JaWRg4H
uptlbgdv,uptlbgdv@example.com,3cB7B216lhQS
lcndkzau,lcndkzau@example.com,MfVibup5jNWL
xycssfhx,xycssfhx@example.com,1My55NBuqoko
xdubpynj,xdubpynj@example.com,bbjJOlS1ENZv
ryzfyafr,ryzfyafr@example.com,Xj94qWSmqeka
ulehxnhc,ulehxnhc@example.com,2e18LVxXpaQt
zflfxtmt,zflfxtmt@example.com,MtGsrl0rexrt
nbwlhjsb,nbwlhjsb@example.com,DXWfJzVzvXT3
sxdmqnfp,sxdmqnfp@example.com,aefbpZeP9FXY
nppwcecd,nppwcecd@example.com,zloPuw99CTq2
krqvrhhd,krqvrhhd@example.com,nyfZOpH2UoGE
iawpubmv,iawpubmv@example.com,TlYZOx59MlOn
jcxatqnf,jcxatqnf@example.com,YeCOMebmyIPP
mqesfxls,mqesfxls@example.com,8DbggrMWH9vJ
kfflbxdl,kfflbxdl@example.com,qu2xPw3DrrWV
vtkdrncs,vtkdrncs@example.com,xSa2oS6SHt3f
dzkwmgvb,dzkwmgvb@example.com,NooEOdCqtaVK
vwfdqeyd,vwfdqeyd@example.com,JyXtazsuGnMt
rgjczmou,rgjczmou@example.com,FQaI1x8xA4A5
wbqctdog,wbqctdog@example.com,7uE4MXFYl4Xn
vigkoloe,vigkoloe@example.com,X8ylZQCXbtoD
aeeumwml,aeeumwml@example.com,fNZc5pzl4y7A
zlislgwn,zlislgwn@example.com,cqh1uewuxC6N
zkgepwsd,zkgepwsd@example.com,hEvrbLu8s1li
rkqfvnxx,rkqfvnxx@example.com,5sorfSmmLyTM
tweiojtv,tweiojtv@example.com,Ac4sV5Lpqk1I
spojnqfx,spojnqfx@example.com,8GclyjsCWj6g
afrzgjic,afrzgjic@example.com,qZpVwBqQDUgB
habygouz,habygouz@example.com,pkQBG9V9pkNK
lwdqzlad,lwdqzlad@example.com,Py6STSLaVOlC
pbrbmytm,pbrbmytm@example.com,SxAdBewm61ll
djqbdgdu,djqbdgdu@example.com,lUlhtmNR3IUg
smmrymgd,smmrymgd@example.com,K9VbaUojaq0x
yerqvvfo,yerqvvfo@example.com,VJQbnSolPnD1
bcvcqknb,bcvcqknb@example.com,s3zOOxNkgZmc
jigxjkze,jigxjkze@example.com,T7bGB1bbziDO
xtpxrkou,xtpxrkou@example.com,5oZKIvRUdVEb
lmftgqjw,lmftgqjw@example.com,SrwLurZbiMp5
xmxpmqqw,xmxpmqqw@example.com,P4VYCbQAvX7x
zbbfpuue,zbbfpuue@example.com,qEwakkyBTU14
txarsxiv,txarsxiv@example.com,b5b0DXoSRIQj
ajoxhnoo,ajoxhnoo@example.com,dQv33bGaeiwn
kvaetswt,kvaetswt@example.com,DzCijG1B3gpX
qqnzjuxl,qqnzjuxl@example.com,P2uPQ0hqAEWh
tgwhatft,tgwhatft@example.com,ogpayMYd6arM
boepdakh,boepdakh@example.com,lK8r5lLbNGSd
rrueyoda,rrueyoda@example.com,MGQO7Zci19rq
xmbytapa,xmbytapa@example.com,kFJoIm926viI
opyzufnc,opyzufnc@example.com,jgiJqxKFr5dP
dfzybrnh,dfzybrnh@example.com,Ii5KOlYr3zuO
ekxqxdlk,ekxqxdlk@example.com,wry2bjEoxZul
yxsxltlz,yxsxltlz@example.com,SUgpeCiMXEoR
eksutvhg,eksutvhg@example.com,Zmc5TzKT8Vsa
hqxocuuk,hqxocuuk@example.com,DmqTcocec99K
lhznlwcz,lhznlwcz@example.com,dhIzKrvNGnjv
etpvhwfp,etpvhwfp@example.com,vA0JBbGgsGEk
dapfvmtx,dapfvmtx@example.com,ie6rP3mT4AVx
lyecsrxy,lyecsrxy@example.com,0c0hrCLrR0ZT
qxxdfdhm,qxxdfdhm@example.com,UGH21kBtGNO2
bxjgzbql,bxjgzbql@example.com,lceCd96CB3Al
mkxegikk,mkxegikk@example.com,SEgX0l11trTw
skdgqprr,skdgqprr@example.com,WNesPgKwzn8b
wsggmosv,wsggmosv@example.com,v3rqdbc2q3al
auwdwmxy,auwdwmxy@example.com,gSn5B6S0o7xx
eevgwhxp,eevgwhxp@example.com,ogleyeKeUjGS
nunmywmt,nunmywmt@example.com,VE6oj8irzDbu
ujcidypg,ujcidypg@example.com,AGdoCnYMQnfL
jwtkznvy,jwtkznvy@example.com,I2YREWqoJaug
ocnslsgh,ocnslsgh@example.com,q9wvYkSDuRG0
kbqcvjyl,kbqcvjyl@example.com,QQfqx9WbD2sY
oloydlpc,oloydlpc@example.com,RVgHkhsVYIMn
tsnheoit,tsnheoit@example.com,BmEWWxpRc9lF
ckhmukmp,ckhmukmp@example.com,SlrKzlu1WniU
hfyasvfd,hfyasvfd@example.com,KHJyBBibJ9cr
adbbgtob,adbbgtob@example.com,PCYTe2e9waIs
aooxejhe,aooxejhe@example.com,IThA9wyiPgty
zirkcbwk,zirkcbwk@example.com,BdT6626l7lXQ
qrcpuwio,qrcpuwio@example.com,ESTiGCMazgXD
qevsumlp,qevsumlp@example.com,w7Nof0pNJxZP
uptfxwkn,uptfxwkn@example.com,fxE1h7FBabS4
ujhorccv,ujhorccv@example.com,wWH1Z2T9Bk0q
frrirfmy,frrirfmy@example.com,8emXJpyoQdkU
fdqmzjbl,fdqmzjbl@example.com,x6ul0myT73c1
ksfjmunl,ksfjmunl@example.com,ppLq0uN3qd1n
hkulbbqs,hkulbbqs@example.com,5gjCk8xtuN72
qlkjhxmj,qlkjhxmj@example.com,eCa4e979dVlc
svjmutnp,svjmutnp@example.com,Te0gucd0ddjd
lgagbaif,lgagbaif@example.com,FzAQvc4m3tOP
lfbjgyem,lfbjgyem@example.com,oYPJMWcgG2vH
fwuewixq,fwuewixq@example.com,TTCR3q2138b6
yqlxqtrz,yqlxqtrz@example.com,9YiWqWfljEqN
htbsmhkv,htbsmhkv@example.com,ULBLA8nctlYt
bzgpyskb,bzgpyskb@example.com,UYsnDn6AA8Xn
abdzooke,abdzooke@example.com,BgWnD0on9bTJ
dbcodfuh,dbcodfuh@example.com,YwfDDfb4fnto
qzkaozlv,qzkaozlv@example.com,mFxwFAOkYQwR
tmmmyuhi,tmmmyuhi@example.com,REZs5HglWQT2
ycvwjlrk,ycvwjlrk@example.com,sbDDACilKuV1
wtpssxto,wtpssxto@example.com,JlqdmwHUHwTl
rqhbvtxv,rqhbvtxv@example.com,a9HN3fIQ78Fl
hvgchkfk,hvgchkfk@example.com,wqGCp18B4TsZ
wpqzezdt,wpqzezdt@example.com,UyzxFji0DzFX
qjwdvexy,qjwdvexy@example.com,1G7BXhO9K9td
mlotbljx,mlotbljx@example.com,vqa8jOS5VbxE
cztpxfwo,cztpxfwo@example.com,gTct4bFMjTlO
qpawhoyy,qpawhoyy@example.com,kZHlEqCyxXVi
rfktlvgj,rfktlvgj@example.com,Tevwk3O7o9Yc
njeteded,njeteded@example.com,zGoqWSygszSk
pfxudwvn,pfxudwvn@example.com,0hUDkB2oYzAm
anadonpc,anadonpc@example.com,f0MFfvvGCnps
thyzytyq,thyzytyq@example.com,sHTnb8qW53gr
rqbyuzgf,rqbyuzgf@example.com,ONaMcrkkmCCa
ocvrdspy,ocvrdspy@example.com,VHyjqpkUycYi
durtrxeu,durtrxeu@example.com,gIyv6it6Sx6Y
hvhokvuh,hvhokvuh@example.com,CJfkAQeNPiYc
hkvzzqss,hkvzzqss@example.com,NlrI3g5R5qte
uxssfcdd,uxssfcdd@example.com,0hINXkg8dQiy
jguigjvk,jguigjvk@example.com,8cQEBUHcYRrl
ckvxxtyk,ckvxxtyk@example.com,biVEbDlk8dEX
llqlkqda,llqlkqda@example.com,lyNcLONgtJyN
djqaweef,djqaweef@example.com,YZ06wbiMSd2z
fwipcosi,fwipcosi@example.com,pkTwYeK1sCh7
ogcfqivz,ogcfqivz@example.com,M0MP8sjheGV3
bjhtujts,bjhtujts@example.com,HybuFZ1JyelX
fyvconzb,fyvconzb@example.com,Pu4urc3JkmTH
tdryruju,tdryruju@example.com,vXsgC9hbl7pU
pufruwcz,pufruwcz@example.com,fokQvfKq3LEz
gnhbnylk,gnhbnylk@example.com,wMozdiULQ2aK
oughziqu,oughziqu@example.com,Pk6yEusajbsp
gjvjmvcf,gjvjmvcf@example.com,874es5VK9IEy
zwtipjzy,zwtipjzy@example.com,95p82GBKmW5j
sdakcceb,sdakcceb@example.com,hAFAhwschF6x
cosdihzx,cosdihzx@example.com,ULBoJ26PKoLq
kqmnrxyg,kqmnrxyg@example.com,hJStyjDtd6En
brrjmkkf,brrjmkkf@example.com,dASZKBlFMSis
zywvuopl,zywvuopl@example.com,JMEWMxnYXaJP
ydgtamcs,ydgtamcs@example.com,nDCN3X9Dhp06
ymhnwljp,ymhnwljp@example.com,OuMZ3qo6e00s
syecklnn,syecklnn@example.com,1GtNbqIoDO6W
tjmetjyf,tjmetjyf@example.com,hef5HQz8SlOu
dmiuezdw,dmiuezdw@example.com,dvlyJUfhczZc
sjhoocvd,sjhoocvd@example.com,N81vulaj4fRz
yxqhrqcf,yxqhrqcf@example.com,ceB9ORwfsiqs
gqdjomom,gqdjomom@example.com,NaYR454vMIk4
jmddhoef,jmddhoef@example.com,BRcN9oSw7Lcb
cspfdsjr,cspfdsjr@example.com,k3Rd8IdZYhOL
ueordhsl,ueordhsl@example.com,DXCtcRTa2tCE
kvtganex,kvtganex@example.com,os0a32QBgAkK
xrgdypcb,xrgdypcb@example.com,92KkMG0IW3dR
gbtuwrup,gbtuwrup@example.com,Cr1r2xJTCD1Y
bdekpayw,bdekpayw@example.com,tug3xInzc0XT
tfbzjmqq,tfbzjmqq@example.com,yzKTwdvl89V6
pzmavlzt,pzmavlzt@example.com,bIBmEqbkriat
ybgpsfoy,ybgpsfoy@example.com,Bu6pdrGwMtdF
getiarbv,getiarbv@example.com,0vXKm5gUmXw4
ciaanuii,ciaanuii@example.com,SLD7OOnwewjO
fznpckzv,fznpckzv@example.com,NiRUVYHfPjgG
glncbzvn,glncbzvn@example.com,Y0dQUGARFZq8
bakryagt,bakryagt@example.com,j2PABlG1fls4
yhlzwsad,yhlzwsad@example.com,O87xUN6mLC5V
hklomjjj,hklomjjj@example.com,NZJHnv6M2NDC
lnwwrrst,lnwwrrst@example.com,l6AgQvMwtEte
yrsuvjcf,yrsuvjcf@example.com,H34ocHm0W8WM
nmnraivi,nmnraivi@example.com,cvTyqOj8uZwJ
hglxteyd,hglxteyd@example.com,fz4XabsPRGQY
yrzwnbjh,yrzwnbjh@example.com,MfqOsaxd5POf
hyalevzv,hyalevzv@example.com,ugYDMl75jIA6
huloiiga,huloiiga@example.com,t4JH0w2afN0d
knldeyrs,knldeyrs@example.com,YcK8EzbfYBKB
cixwteyf,cixwteyf@example.com,hORTnkkWgChc
mgnqrvyd,mgnqrvyd@example.com,cH4VSQNKBmXy
ecnssnkm,ecnssnkm@example.com,3m7fmoodq30Y
wbadqzwk,wbadqzwk@example.com,eKbnbjoCwbLO
plshltdh,plshltdh@example.com,6enHfHmtd450
nwrwshlg,nwrwshlg@example.com,uRTxDDImyqUP
kyqhkxdu,kyqhkxdu@example.com,qG4DarnsZC9b
ejycmwsp,ejycmwsp@example.com,rsOzHfTtG5K7
sdzdavyq,sdzdavyq@example.com,L0A9lvhwAOvg
znyvfyuz,znyvfyuz@example.com,I6FvmpOno70t
jomhpjjg,jomhpjjg@example.com,MhQRpe6xwJec
srvfwezo,srvfwezo@example.com,8Dgj5jAjV3HW
msrpcidq,msrpcidq@example.com,m5qxsR9vcMgy
zrcjbzzt,zrcjbzzt@example.com,u7tmjRjLpAMc
omvojixw,omvojixw@example.com,0aHTNOVKnuHQ
rgdtoldl,rgdtoldl@example.com,DAXqI2AVvFZZ
ltkfewuu,ltkfewuu@example.com,9eBuaRDAFBOI
yaeemplc,yaeemplc@example.com,EO2eyUNkvezX
dpgzyxpm,dpgzyxpm@example.com,XCxYfhaJv6cj
ruemfqer,ruemfqer@example.com,AfU0c0vZnbyR
lsntzvct,lsntzvct@example.com,GN6OQ00kOdPW
tejyecih,tejyecih@example.com,rim1DWVWT5pW
odxexdnk,odxexdnk@example.com,kuwvBsm010M5
rngpdquj,rngpdquj@example.com,Ne7CredDMXD5
agklpuli,agklpuli@example.com,Cz3NaVjZhEnK
sjqtpfsh,sjqtpfsh@example.com,hBAFmaYvwG29
secaumak,secaumak@example.com,VHztnND3kCwq
avqlkonh,avqlkonh@example.com,WlHx7icSWHjj
dhnwrkgl,dhnwrkgl@example.com,ZYzk8Q8zvVhA
vxxvrzel,vxxvrzel@example.com,gLc75ojR8Hlh
yljwmwyw,yljwmwyw@example.com,DxqORNLPzPGD
wfjxqsec,wfjxqsec@example.com,MBFtrG3oTgvy
wfoygdbm,wfoygdbm@example.com,IMZc6EBvfBVA
zgmlsbzq,zgmlsbzq@example.com,2sU4pSEmT0b6
hnynnysm,hnynnysm@example.com,pr3UDq16jawJ
nhgdtgjg,nhgdtgjg@example.com,Rde8BBKy7TgT
hbwmdvee,hbwmdvee@example.com,BUy5obtEva6D
ymanysgn,ymanysgn@example.com,yHCY5EFIHyWl
cxglpbdm,cxglpbdm@example.com,DP7SemVyn2Qm
inzmbddo,inzmbddo@example.com,aNQ0NcrLjGKj
wkiyqryg,wkiyqryg@example.com,FRPs8vfYJJVg
bqjxziyj,bqjxziyj@example.com,3Va3nA8DzZru
otvdyazs,otvdyazs@example.com,0QGEQvnLFG5d
fyuepouu,fyuepouu@example.com,6bXLfl1NfayH
gkelxzga,gkelxzga@example.com,5qVP2SXBawKx
wmmyitwv,wmmyitwv@example.com,KPzgjqrjCI0v
msflgrxn,msflgrxn@example.com,BZzn58vzVTmS
ohturjny,ohturjny@example.com,Hsk2CEoli1Wy
hwlblrkp,hwlblrkp@example.com,WJVfZqZQQRqP
qdyfctna,qdyfctna@example.com,2B9MKnHeaKwA
utaokhro,utaokhro@example.com,htFIL8b124AF
fnijsler,fnijsler@example.com,mltcbtTsyBDE
pgmefqun,pgmefqun@example.com,mV9JFGprx46G
fcbotwri,fcbotwri@example.com,xfyvY1RcAIEX
cgvxwlfb,cgvxwlfb@example.com,cRuvGYgnvfhO
cifrnuqc,cifrnuqc@example.com,ESgjMgpXaTNl
fbvydfsn,fbvydfsn@example.com,IA7jdErDeYrl
npvwbxnr,npvwbxnr@example.com,fCS2mO9CMuQk
rkziagkz,rkziagkz@example.com,lZeMbafXKMyy
kigbrcoe,kigbrcoe@example.com,anL2lLeofKDC
aqfbrgfn,aqfbrgfn@example.com,EvNFwwZz9BKg
zmzhfgpl,zmzhfgpl@example.com,9l8Cmfe39TZm
tyjomoxg,tyjomoxg@example.com,FxqSq02ztsRo
omdxewro,omdxewro@example.com,klECvNRXPGCf
jaunlhqd,jaunlhqd@example.com,F6XcAgVdG15M
ziaxrmwf,ziaxrmwf@example.com,6YvPRC3mzRI4
xwijakzv,xwijakzv@example.com,ICrNSgkc1YLj
obnorikv,obnorikv@example.com,2JvYaBbNc17a
gypphwer,gypphwer@example.com,XJF6Fhycczd4
qupeaqbz,qupeaqbz@example.com,0X3pI6Oeik2s
llilwtog,llilwtog@example.com,3kgUc3IB7raU
fmidpfgm,fmidpfgm@example.com,loF0Iq04Mq6q
bedozdrl,bedozdrl@example.com,x6xbVhtG2R6Y
rolgkitt,rolgkitt@example.com,k8yTlRMJlYeN
gehuciga,gehuciga@example.com,J3wjnjDJ77rp
vuntpusf,vuntpusf@example.com,VQKHoAvEepW2
nazzyzrc,nazzyzrc@example.com,kLPOx26ewi0T
ergybjai,ergybjai@example.com,lsZPF6ME10TC
rdnsktmc,rdnsktmc@example.com,odITf5zzajsi
qlecryim,qlecryim@example.com,pT9cWs7oPDtl
owqiodjk,owqiodjk@example.com,KsjQT2cTq1jH
iccpfxtn,iccpfxtn@example.com,74G19t2340qx
jurltwmc,jurltwmc@example.com,hitADQgLCDAR
fwmnncld,fwmnncld@example.com,k1zbKk9BM6aD
tvgeorwx,tvgeorwx@example.com,t66RelXjxTyf
lcisygbk,lcisygbk@example.com,00e0193c5Ccm
qcscnafo,qcscnafo@example.com,C3Q4GtdUasEk
azilmrot,azilmrot@example.com,u7lPLAFLV7tO
ereachek,ereachek@example.com,097LcvEryz2i
cceywuns,cceywuns@example.com,eDfKvcNUI6Rp
hxwiekes,hxwiekes@example.com,k6Zx4ShErlwf
otfpsala,otfpsala@example.com,0zNkvSAnPr0X
mgokcvmo,mgokcvmo@example.com,b9coYzO52EKN
hnhmkqgr,hnhmkqgr@example.com,Y4mtKJxexJUo
lokodsud,lokodsud@example.com,HJT9XqTmv4dI
wrzfxzqq,wrzfxzqq@example.com,hZ6IjZfRPGeS
hmuzycda,hmuzycda@example.com,NVSJjVKhJ5Jl
dujplrhv,dujplrhv@example.com,pDCVdQjoLON6
gqytojge,gqytojge@example.com,sV83He0LhRZN
qubheydr,qubheydr@example.com,uz1jOJoNt4kV
gyjygdrx,gyjygdrx@example.com,BUii6Ghm5cij
hbdalptr,hbdalptr@example.com,vJCmGtbpTaNg
ihapjrmf,ihapjrmf@example.com,GwbOBChYumFG
ziwdmbiz,ziwdmbiz@example.com,JnNFjVV0B5mJ
dijenqbr,dijenqbr@example.com,fUJ9kv0IPYG2
jiqsbckb,jiqsbckb@example.com,IdRB9Ky2zHpp
nqlbwoey,nqlbwoey@example.com,rbXMHlRVnvhw
ybdjfogz,ybdjfogz@example.com,jDilD7kgaVCT
bglkolkr,bglkolkr@example.com,OvxJ3ZW4I8k6
dniubmzr,dniubmzr@example.com,Y5mCuuesjMvL
qfiqhxji,qfiqhxji@example.com,uc8kd27KBD4X
